"URI","SAMEAS1","SAMEAS2","NAME1","NAME2","NAME3","DOCURI1","DOCTITLE1","DOCURI2","DOCTITLE2","DOCURI3","DOCTITLE3","DOCURI4","DOCTITLE4","RUNDATETIME"
"http://dbpedia.org/resource/Aemilianus",,,"Aemilian","Marcus Aemilius Aemilianus",,"http://en.wikipedia.org/wiki/Aemilianus","Aemilianus","http://finds.org.uk/romancoins/emperors/emperor/id/39","Profile for Emperor: Aemilian","http://www.roman-emperors.org/aemaem.htm","Marcus Aemilius Aemilianus","http://www4.wiwiss.fu-berlin.de/flickrwrappr/photos/Aemilianus","Photos for DBpedia.org resource Aemilianus","2014-01-22T12:06:09-06:00"
"http://dbpedia.org/resource/Alexander_(Byzantine_emperor)",,,"Alexander III",,,"http://en.wikipedia.org/wiki/Alexander_(Byzantine_emperor)","Alexander (Byzantine emperor)","http://finds.org.uk/byzantinecoins/rulers/ruler/id/2012","Profile for Emperor: Alexander III","http://www4.wiwiss.fu-berlin.de/flickrwrappr/photos/Alexander_(Byzantine_emperor)","Photos for DBpedia.org resource Alexander_(Byzantine_emperor)",,,"2014-01-22T12:06:09-06:00"
"http://dbpedia.org/resource/Alexander_Severus","http://viaf.org/viaf/50018342",,"Alexander Severus",,,"http://en.wikipedia.org/wiki/Alexander_Severus","Alexander Severus","http://finds.org.uk/romancoins/emperors/emperor/id/36","Profile for Emperor: Alexander Severus","http://www.roman-emperors.org/alexsev.htm","Severus Alexander","http://www4.wiwiss.fu-berlin.de/flickrwrappr/photos/Alexander_Severus","Photos for DBpedia.org resource Alexander_Severus","2014-01-22T12:06:09-06:00"
"http://dbpedia.org/resource/Alexios_III_Angelos",,,"Alexios III",,,"http://en.wikipedia.org/wiki/Alexios_III_Angelos","Alexios III Angelos","http://finds.org.uk/byzantinecoins/rulers/ruler/id/2044","Profile for Emperor: Alexios III","http://www4.wiwiss.fu-berlin.de/flickrwrappr/photos/Alexios_III_Angelos","Photos for DBpedia.org resource Alexios_III_Angelos",,,"2014-01-22T12:06:09-06:00"
"http://dbpedia.org/resource/Alexios_II_Komnenos",,,"Alexios II Komnenos","Alexius II Comnenus",,"http://en.wikipedia.org/wiki/Alexios_II_Komnenos","Alexios II Komnenos","http://finds.org.uk/byzantinecoins/rulers/ruler/id/2040","Profile for Emperor: Alexios II Komnenos","http://www.roman-emperors.org/alexiicom.htm","Alexius II Comnenus","http://www4.wiwiss.fu-berlin.de/flickrwrappr/photos/Alexios_II_Komnenos","Photos for DBpedia.org resource Alexios_II_Komnenos","2014-01-22T12:06:09-06:00"
"http://dbpedia.org/resource/Alexios_IV_Angelos",,,"Alexios IV",,,"http://en.wikipedia.org/wiki/Alexios_IV_Angelos","Alexios IV Angelos","http://www4.wiwiss.fu-berlin.de/flickrwrappr/photos/Alexios_IV_Angelos","Photos for DBpedia.org resource Alexios_IV_Angelos",,,,,"2014-01-22T12:06:09-06:00"
"http://dbpedia.org/resource/Alexios_I_Komnenos",,,"Alexios I Komnenos",,,"http://en.wikipedia.org/wiki/Alexios_I_Komnenos","Alexios I Komnenos","http://finds.org.uk/byzantinecoins/rulers/ruler/id/2037","Profile for Emperor: Alexios I Komnenos","http://www4.wiwiss.fu-berlin.de/flickrwrappr/photos/Alexios_I_Komnenos","Photos for DBpedia.org resource Alexios_I_Komnenos",,,"2014-01-22T12:06:09-06:00"
"http://dbpedia.org/resource/Alexios_V_Doukas",,,"Alexios V",,,"http://en.wikipedia.org/wiki/Alexios_V_Doukas","Alexios V Doukas","http://www4.wiwiss.fu-berlin.de/flickrwrappr/photos/Alexios_V_Doukas","Photos for DBpedia.org resource Alexios_V_Doukas",,,,,"2014-01-22T12:06:09-06:00"
"http://dbpedia.org/resource/Allectus","http://viaf.org/viaf/232344001",,"Allectus",,,"http://en.wikipedia.org/wiki/Allectus","Allectus","http://finds.org.uk/romancoins/emperors/emperor/id/40","Profile for Emperor: Allectus","http://www4.wiwiss.fu-berlin.de/flickrwrappr/photos/Allectus","Photos for DBpedia.org resource Allectus",,,"2014-01-22T12:06:09-06:00"
"http://dbpedia.org/resource/Anastasios_II",,,"Anastasios II","Anastasius II",,"http://en.wikipedia.org/wiki/Anastasios_II","Anastasios II","http://www.roman-emperors.org/anastasii.htm","Anastasius II","http://www4.wiwiss.fu-berlin.de/flickrwrappr/photos/Anastasios_II","Photos for DBpedia.org resource Anastasios_II",,,"2014-01-22T12:06:09-06:00"
"http://dbpedia.org/resource/Anastasius_I_(emperor)",,,"Anastasius","Anastasius I",,"http://en.wikipedia.org/wiki/Anastasius_I_(emperor)","Anastasius I (emperor)","http://finds.org.uk/byzantinecoins/rulers/ruler/id/1974","Profile for Emperor: Anastasius I","http://www.roman-emperors.org/anastasi.htm","Anastasius","http://www4.wiwiss.fu-berlin.de/flickrwrappr/photos/Anastasius_I_(emperor)","Photos for DBpedia.org resource Anastasius_I_(emperor)","2014-01-22T12:06:09-06:00"
"http://dbpedia.org/resource/Andronikos_III_Palaiologos",,,"Andronikos III",,,"http://en.wikipedia.org/wiki/Andronikos_III_Palaiologos","Andronikos III Palaiologos","http://finds.org.uk/byzantinecoins/rulers/ruler/id/2064","Profile for Emperor: Andronikos III","http://www4.wiwiss.fu-berlin.de/flickrwrappr/photos/Andronikos_III_Palaiologos","Photos for DBpedia.org resource Andronikos_III_Palaiologos",,,"2014-01-22T12:06:09-06:00"
"http://dbpedia.org/resource/Andronikos_II_Palaiologos",,,"Andronikos II",,,"http://en.wikipedia.org/wiki/Andronikos_II_Palaiologos","Andronikos II Palaiologos","http://www4.wiwiss.fu-berlin.de/flickrwrappr/photos/Andronikos_II_Palaiologos","Photos for DBpedia.org resource Andronikos_II_Palaiologos",,,,,"2014-01-22T12:06:09-06:00"
"http://dbpedia.org/resource/Andronikos_IV_Palaiologos",,,"Andronikos IV",,,"http://en.wikipedia.org/wiki/Andronikos_IV_Palaiologos","Andronikos IV Palaiologos","http://www4.wiwiss.fu-berlin.de/flickrwrappr/photos/Andronikos_IV_Palaiologos","Photos for DBpedia.org resource Andronikos_IV_Palaiologos",,,,,"2014-01-22T12:06:09-06:00"
"http://dbpedia.org/resource/Andronikos_I_Komnenos",,,"Andronicus I Comnenus","Andronikos I Komnenos",,"http://en.wikipedia.org/wiki/Andronikos_I_Komnenos","Andronikos I Komnenos","http://finds.org.uk/byzantinecoins/rulers/ruler/id/2041","Profile for Emperor: Andronikos I Komnenos","http://www.roman-emperors.org/andycomn.htm","Andronicus I Comnenus","http://www4.wiwiss.fu-berlin.de/flickrwrappr/photos/Andronikos_I_Komnenos","Photos for DBpedia.org resource Andronikos_I_Komnenos","2014-01-22T12:06:09-06:00"
"http://dbpedia.org/resource/Andronikos_V_Palaiologos",,,"Andronikos V",,,"http://en.wikipedia.org/wiki/Andronikos_V_Palaiologos","Andronikos V Palaiologos","http://finds.org.uk/byzantinecoins/rulers/ruler/id/2069","Profile for Emperor: Andronikos V","http://www4.wiwiss.fu-berlin.de/flickrwrappr/photos/Andronikos_V_Palaiologos","Photos for DBpedia.org resource Andronikos_V_Palaiologos",,,"2014-01-22T12:06:09-06:00"
"http://dbpedia.org/resource/Anthemius","http://viaf.org/viaf/121663544",,"Anthemius",,,"http://en.wikipedia.org/wiki/Anthemius","Anthemius","http://finds.org.uk/byzantinecoins/rulers/ruler/id/2176","Profile for Emperor: Anthemius","http://www.roman-emperors.org/anthemiu.htm","Anthemius","http://www4.wiwiss.fu-berlin.de/flickrwrappr/photos/Anthemius","Photos for DBpedia.org resource Anthemius","2014-01-22T12:06:09-06:00"
"http://dbpedia.org/resource/Antoninus_Pius","http://nomisma.org/id/antoninus_pius","http://viaf.org/viaf/62833890","Antoninus Pius",,,"http://en.wikipedia.org/wiki/Antoninus_Pius","Antoninus Pius","http://finds.org.uk/romancoins/emperors/emperor/id/5","Profile for Emperor: Antoninus Pius","http://www.roman-emperors.org/tonypis.htm","Antoninus Pius","http://www4.wiwiss.fu-berlin.de/flickrwrappr/photos/Antoninus_Pius","Photos for DBpedia.org resource Antoninus_Pius","2014-01-22T12:06:09-06:00"
"http://dbpedia.org/resource/Arcadius","http://viaf.org/viaf/5728388",,"Arcadius",,,"http://en.wikipedia.org/wiki/Arcadius","Arcadius","http://finds.org.uk/romancoins/emperors/emperor/id/85","Profile for Emperor: Arcadius","http://www.roman-emperors.org/arcadius.htm","Arcadius","http://www4.wiwiss.fu-berlin.de/flickrwrappr/photos/Arcadius","Photos for DBpedia.org resource Arcadius","2014-01-22T12:06:09-06:00"
"http://dbpedia.org/resource/Areobindus_Dagalaiphus_Areobindus",,,"Areobindus",,,"http://en.wikipedia.org/wiki/Areobindus_Dagalaiphus_Areobindus","Areobindus Dagalaiphus Areobindus","http://www4.wiwiss.fu-berlin.de/flickrwrappr/photos/Areobindus_Dagalaiphus_Areobindus","Photos for DBpedia.org resource Areobindus_Dagalaiphus_Areobindus",,,,,"2014-01-22T12:06:09-06:00"
"http://dbpedia.org/resource/Artabasdos",,,"Artabasdos",,,"http://en.wikipedia.org/wiki/Artabasdos","Artabasdos","http://www4.wiwiss.fu-berlin.de/flickrwrappr/photos/Artabasdos","Photos for DBpedia.org resource Artabasdos",,,,,"2014-01-22T12:06:09-06:00"
"http://dbpedia.org/resource/Augustus","http://nomisma.org/id/augustus","http://viaf.org/viaf/18013086","Augustus","Gaius Julius Caesar Octavianus",,"http://en.wikipedia.org/wiki/Augustus","Augustus","http://finds.org.uk/romancoins/emperors/emperor/id/1","Profile for Emperor: Augustus","http://www.roman-emperors.org/auggie.htm","Augustus","http://www4.wiwiss.fu-berlin.de/flickrwrappr/photos/Augustus","Photos for DBpedia.org resource Augustus","2014-01-22T12:06:09-06:00"
"http://dbpedia.org/resource/Aurelian","http://viaf.org/viaf/77109448",,"Aurelian","Lucius Domitius Aurelianus",,"http://en.wikipedia.org/wiki/Aurelian","Aurelian","http://finds.org.uk/romancoins/emperors/emperor/id/41","Profile for Emperor: Aurelian","http://www.roman-emperors.org/aurelian.htm","Lucius Domitius Aurelianus","http://www4.wiwiss.fu-berlin.de/flickrwrappr/photos/Aurelian","Photos for DBpedia.org resource Aurelian","2014-01-22T12:06:09-06:00"
"http://dbpedia.org/resource/Aureolus",,,"Aureolus",,,"http://en.wikipedia.org/wiki/Aureolus","Aureolus","http://www4.wiwiss.fu-berlin.de/flickrwrappr/photos/Aureolus","Photos for DBpedia.org resource Aureolus",,,,,"2014-01-22T12:06:09-06:00"
"http://dbpedia.org/resource/Avidius_Cassius","http://viaf.org/viaf/50622155",,"Avidius Cassius",,,"http://en.wikipedia.org/wiki/Avidius_Cassius","Avidius Cassius","http://www4.wiwiss.fu-berlin.de/flickrwrappr/photos/Avidius_Cassius","Photos for DBpedia.org resource Avidius_Cassius",,,,,"2014-01-22T12:06:09-06:00"
"http://dbpedia.org/resource/Avitus","http://viaf.org/viaf/89202786",,"Avitus","Eparchius Avitus",,"http://en.wikipedia.org/wiki/Avitus","Avitus","http://finds.org.uk/romancoins/emperors/emperor/id/2171","Profile for Emperor: Avitus","http://www.roman-emperors.org/avitus.htm","Eparchius Avitus","http://www4.wiwiss.fu-berlin.de/flickrwrappr/photos/Avitus","Photos for DBpedia.org resource Avitus","2014-01-22T12:06:09-06:00"
"http://dbpedia.org/resource/Basil_II",,,"Basil II",,,"http://en.wikipedia.org/wiki/Basil_II","Basil II","http://finds.org.uk/byzantinecoins/rulers/ruler/id/2017","Profile for Emperor: Basil II","http://www.roman-emperors.org/basilii.htm","Basil II","http://www4.wiwiss.fu-berlin.de/flickrwrappr/photos/Basil_II","Photos for DBpedia.org resource Basil_II","2014-01-22T12:06:09-06:00"
"http://dbpedia.org/resource/Basil_I_the_Macedonian",,,"Basil I",,,"http://en.wikipedia.org/wiki/Basil_I_the_Macedonian","Basil I the Macedonian","http://finds.org.uk/byzantinecoins/rulers/ruler/id/2010","Profile for Emperor: Basil I","http://www4.wiwiss.fu-berlin.de/flickrwrappr/photos/Basil_I_the_Macedonian","Photos for DBpedia.org resource Basil_I_the_Macedonian",,,"2014-01-22T12:06:09-06:00"
"http://dbpedia.org/resource/Basiliscus",,,"Basiliscus",,,"http://en.wikipedia.org/wiki/Basiliscus","Basiliscus","http://finds.org.uk/byzantinecoins/rulers/ruler/id/2184","Profile for Emperor: Basiliscus","http://www4.wiwiss.fu-berlin.de/flickrwrappr/photos/Basiliscus","Photos for DBpedia.org resource Basiliscus",,,"2014-01-22T12:06:09-06:00"
"http://dbpedia.org/resource/Bonosus_(usurper)",,,"Bonosus",,,"http://en.wikipedia.org/wiki/Bonosus_(usurper)","Bonosus (usurper)","http://www4.wiwiss.fu-berlin.de/flickrwrappr/photos/Bonosus_(usurper)","Photos for DBpedia.org resource Bonosus_(usurper)",,,,,"2014-01-22T12:06:09-06:00"
"http://dbpedia.org/resource/Caligula","http://nomisma.org/id/gaius","http://viaf.org/viaf/59052351","Caligula","Gaius","Gaius Caesar Augustus Germanicus","http://en.wikipedia.org/wiki/Caligula","Caligula","http://finds.org.uk/romancoins/emperors/emperor/id/2","Profile for Emperor: Caligula","http://www.roman-emperors.org/gaius.htm","Gaius Caesar Augustus Germanicus","http://www4.wiwiss.fu-berlin.de/flickrwrappr/photos/Caligula","Photos for DBpedia.org resource Caligula","2014-01-22T12:06:09-06:00"
"http://dbpedia.org/resource/Caracalla","http://nomisma.org/id/caracalla","http://viaf.org/viaf/88672215"," Marcus Aurelius Antoninus","Caracalla","Lucius Septimius Bassianus","http://en.wikipedia.org/wiki/Caracalla","Caracalla","http://finds.org.uk/romancoins/emperors/emperor/id/29","Profile for Emperor: Caracalla","http://www.roman-emperors.org/caracala.htm","Lucius Septimius Bassianus","http://www4.wiwiss.fu-berlin.de/flickrwrappr/photos/Caracalla","Photos for DBpedia.org resource Caracalla","2014-01-22T12:06:09-06:00"
"http://dbpedia.org/resource/Carausius","http://viaf.org/viaf/232298846",,"Carausius",,,"http://en.wikipedia.org/wiki/Carausius","Carausius","http://finds.org.uk/romancoins/emperors/emperor/id/43","Profile for Emperor: Carausius","http://www4.wiwiss.fu-berlin.de/flickrwrappr/photos/Carausius","Photos for DBpedia.org resource Carausius",,,"2014-01-22T12:06:09-06:00"
"http://dbpedia.org/resource/Carinus","http://viaf.org/viaf/89202679",,"Carinus",,,"http://en.wikipedia.org/wiki/Carinus","Carinus","http://finds.org.uk/romancoins/emperors/emperor/id/44","Profile for Emperor: Carinus","http://www.roman-emperors.org/carinus.htm","Carinus","http://www4.wiwiss.fu-berlin.de/flickrwrappr/photos/Carinus","Photos for DBpedia.org resource Carinus","2014-01-22T12:06:09-06:00"
"http://dbpedia.org/resource/Carus",,,"Carus",,,"http://en.wikipedia.org/wiki/Carus","Carus","http://finds.org.uk/romancoins/emperors/emperor/id/45","Profile for Emperor: Carus","http://www.roman-emperors.org/carus.htm","Carus","http://www4.wiwiss.fu-berlin.de/flickrwrappr/photos/Carus","Photos for DBpedia.org resource Carus","2014-01-22T12:06:09-06:00"
"http://dbpedia.org/resource/Claudius","http://nomisma.org/id/claudius","http://viaf.org/viaf/87172361","Claudius","Ti. Claudius Nero Germanicus",,"http://en.wikipedia.org/wiki/Claudius","Claudius","http://finds.org.uk/romancoins/emperors/emperor/id/3","Profile for Emperor: Claudius","http://www.roman-emperors.org/claudius.htm","Ti. Claudius Nero Germanicus","http://www4.wiwiss.fu-berlin.de/flickrwrappr/photos/Claudius","Photos for DBpedia.org resource Claudius","2014-01-22T12:06:09-06:00"
"http://dbpedia.org/resource/Claudius_Gothicus","http://viaf.org/viaf/27874193",," Claudius II","Claudius Gothicus","M. Aurelius Claudius","http://en.wikipedia.org/wiki/Claudius_Gothicus","Claudius Gothicus","http://finds.org.uk/romancoins/emperors/emperor/id/46","Profile for Emperor: Claudius Gothicus","http://www.roman-emperors.org/claudgot.htm","M. Aurelius Claudius","http://www4.wiwiss.fu-berlin.de/flickrwrappr/photos/Claudius_Gothicus","Photos for DBpedia.org resource Claudius_Gothicus","2014-01-22T12:06:09-06:00"
"http://dbpedia.org/resource/Clodius_Albinus","http://nomisma.org/id/clodius_albinus","http://viaf.org/viaf/60152178","Clodius Albinus",,,"http://en.wikipedia.org/wiki/Clodius_Albinus","Clodius Albinus","http://finds.org.uk/romancoins/emperors/emperor/id/26","Profile for Emperor: Clodius Albinus","http://www4.wiwiss.fu-berlin.de/flickrwrappr/photos/Clodius_Albinus","Photos for DBpedia.org resource Clodius_Albinus",,,"2014-01-22T12:06:09-06:00"
"http://dbpedia.org/resource/Comentiolus_(brother_of_Phocas)",,,"Comentiolus",,,"http://en.wikipedia.org/wiki/Comentiolus_(brother_of_Phocas)","Comentiolus (brother of Phocas)","http://www4.wiwiss.fu-berlin.de/flickrwrappr/photos/Comentiolus_(brother_of_Phocas)","Photos for DBpedia.org resource Comentiolus_(brother_of_Phocas)",,,,,"2014-01-22T12:06:09-06:00"
"http://dbpedia.org/resource/Commodus","http://nomisma.org/id/commodus","http://viaf.org/viaf/23502412","Commodus","Marcus Aurelius Commodus Antoninus",,"http://en.wikipedia.org/wiki/Commodus","Commodus","http://finds.org.uk/romancoins/emperors/emperor/id/23","Profile for Emperor: Commodus","http://www.roman-emperors.org/commod.htm","Marcus Aurelius Commodus Antoninus","http://www4.wiwiss.fu-berlin.de/flickrwrappr/photos/Commodus","Photos for DBpedia.org resource Commodus","2014-01-22T12:06:09-06:00"
"http://dbpedia.org/resource/Constans","http://viaf.org/viaf/197970721",,"Constans I","Flavius Julius Constans",,"http://en.wikipedia.org/wiki/Constans","Constans","http://finds.org.uk/romancoins/emperors/emperor/id/86","Profile for Emperor: Constans I","http://www.roman-emperors.org/consi.htm","Flavius Julius Constans","http://www4.wiwiss.fu-berlin.de/flickrwrappr/photos/Constans","Photos for DBpedia.org resource Constans","2014-01-22T12:06:09-06:00"
"http://dbpedia.org/resource/Constans_II",,,"Constans II",,,"http://en.wikipedia.org/wiki/Constans_II","Constans II","http://www.roman-emperors.org/Constan2.htm","Constans II","http://www4.wiwiss.fu-berlin.de/flickrwrappr/photos/Constans_II","Photos for DBpedia.org resource Constans_II",,,"2014-01-22T12:06:09-06:00"
"http://dbpedia.org/resource/Constans_II_(usurper)",,,,,,"http://en.wikipedia.org/wiki/Constans_II_(usurper)","Constans II (usurper)","http://www4.wiwiss.fu-berlin.de/flickrwrappr/photos/Constans_II_(usurper)","Photos for DBpedia.org resource Constans_II_(usurper)",,,,,"2014-01-22T12:06:09-06:00"
"http://dbpedia.org/resource/Constantine_III_(Byzantine_emperor)",,,"Constantine III",,,"http://en.wikipedia.org/wiki/Constantine_III_(Byzantine_emperor)","Constantine III (Byzantine emperor)","http://www4.wiwiss.fu-berlin.de/flickrwrappr/photos/Constantine_III_(Byzantine_emperor)","Photos for DBpedia.org resource Constantine_III_(Byzantine_emperor)",,,,,"2014-01-22T12:06:09-06:00"
"http://dbpedia.org/resource/Constantine_III_(usurper)",,,"Constantine III",,,"http://en.wikipedia.org/wiki/Constantine_III_(usurper)","Constantine III (usurper)","http://finds.org.uk/romancoins/emperors/emperor/id/98","Profile for Emperor: Constantine III","http://www4.wiwiss.fu-berlin.de/flickrwrappr/photos/Constantine_III_(usurper)","Photos for DBpedia.org resource Constantine_III_(usurper)",,,"2014-01-22T12:06:09-06:00"
"http://dbpedia.org/resource/Constantine_II_(emperor)","http://viaf.org/viaf/82697127",,"Constantine II","Flavius Claudius Constantinus",,"http://en.wikipedia.org/wiki/Constantine_II_(emperor)","Constantine II (emperor)","http://finds.org.uk/romancoins/emperors/emperor/id/97","Profile for Emperor: Constantine II","http://www.roman-emperors.org/conii.htm","Flavius Claudius Constantinus","http://www4.wiwiss.fu-berlin.de/flickrwrappr/photos/Constantine_II_(emperor)","Photos for DBpedia.org resource Constantine_II_(emperor)","2014-01-22T12:06:09-06:00"
"http://dbpedia.org/resource/Constantine_IV",,,"Constantine IV",,,"http://en.wikipedia.org/wiki/Constantine_IV","Constantine IV","http://www.roman-emperors.org/Constiv.htm","Constantine IV","http://www4.wiwiss.fu-berlin.de/flickrwrappr/photos/Constantine_IV","Photos for DBpedia.org resource Constantine_IV",,,"2014-01-22T12:06:09-06:00"
"http://dbpedia.org/resource/Constantine_IX_Monomachos",,,"Constantine IX",,,"http://en.wikipedia.org/wiki/Constantine_IX_Monomachos","Constantine IX Monomachos","http://finds.org.uk/byzantinecoins/rulers/ruler/id/2024","Profile for Emperor: Constantine IX","http://www4.wiwiss.fu-berlin.de/flickrwrappr/photos/Constantine_IX_Monomachos","Photos for DBpedia.org resource Constantine_IX_Monomachos",,,"2014-01-22T12:06:09-06:00"
"http://dbpedia.org/resource/Constantine_Laskaris",,,"Contantine (XI)",,,"http://en.wikipedia.org/wiki/Constantine_Laskaris","Constantine Laskaris","http://www4.wiwiss.fu-berlin.de/flickrwrappr/photos/Constantine_Laskaris","Photos for DBpedia.org resource Constantine_Laskaris",,,,,"2014-01-22T12:06:09-06:00"
"http://dbpedia.org/resource/Constantine_V",,,"Constantine V","Constantine V Copronymus",,"http://en.wikipedia.org/wiki/Constantine_V","Constantine V","http://www.roman-emperors.org/constanv.htm","Constantine V Copronymus","http://www4.wiwiss.fu-berlin.de/flickrwrappr/photos/Constantine_V","Photos for DBpedia.org resource Constantine_V",,,"2014-01-22T12:06:09-06:00"
"http://dbpedia.org/resource/Constantine_VI",,,"Constantine VI","Constantine Vi",,"http://en.wikipedia.org/wiki/Constantine_VI","Constantine VI","http://www.roman-emperors.org/irene.htm","Constantine Vi","http://www4.wiwiss.fu-berlin.de/flickrwrappr/photos/Constantine_VI","Photos for DBpedia.org resource Constantine_VI",,,"2014-01-22T12:06:09-06:00"
"http://dbpedia.org/resource/Constantine_VII",,,"Constantine VII",,,"http://en.wikipedia.org/wiki/Constantine_VII","Constantine VII","http://www4.wiwiss.fu-berlin.de/flickrwrappr/photos/Constantine_VII","Photos for DBpedia.org resource Constantine_VII",,,,,"2014-01-22T12:06:09-06:00"
"http://dbpedia.org/resource/Constantine_VIII",,,"Constantine VIII",,,"http://en.wikipedia.org/wiki/Constantine_VIII","Constantine VIII","http://finds.org.uk/byzantinecoins/rulers/ruler/id/2018","Profile for Emperor: Constantine VIII","http://www4.wiwiss.fu-berlin.de/flickrwrappr/photos/Constantine_VIII","Photos for DBpedia.org resource Constantine_VIII",,,"2014-01-22T12:06:09-06:00"
"http://dbpedia.org/resource/Constantine_XI_Palaiologos",,,"Constantine XI",,,"http://en.wikipedia.org/wiki/Constantine_XI_Palaiologos","Constantine XI Palaiologos","http://finds.org.uk/byzantinecoins/rulers/ruler/id/2074","Profile for Emperor: Constantine XI","http://www4.wiwiss.fu-berlin.de/flickrwrappr/photos/Constantine_XI_Palaiologos","Photos for DBpedia.org resource Constantine_XI_Palaiologos",,,"2014-01-22T12:06:09-06:00"
"http://dbpedia.org/resource/Constantine_X_Doukas",,,"Constantine X Doukas",,,"http://en.wikipedia.org/wiki/Constantine_X_Doukas","Constantine X Doukas","http://finds.org.uk/byzantinecoins/rulers/ruler/id/2028","Profile for Emperor: Constantine X Doukas","http://www4.wiwiss.fu-berlin.de/flickrwrappr/photos/Constantine_X_Doukas","Photos for DBpedia.org resource Constantine_X_Doukas",,,"2014-01-22T12:06:09-06:00"
"http://dbpedia.org/resource/Constantine_the_Great","http://viaf.org/viaf/97746098",,"Constantine I","Flavius Valerius Constantinus",,"http://en.wikipedia.org/wiki/Constantine_the_Great","Constantine the Great","http://finds.org.uk/romancoins/emperors/emperor/id/96","Profile for Emperor: Constantine I","http://www.roman-emperors.org/conniei.htm","Flavius Valerius Constantinus","http://www4.wiwiss.fu-berlin.de/flickrwrappr/photos/Constantine_the_Great","Photos for DBpedia.org resource Constantine_the_Great","2014-01-22T12:06:09-06:00"
"http://dbpedia.org/resource/Constantius_Chlorus","http://viaf.org/viaf/23572704",,"Constantius Chlorus","Constantius I Chlorus",,"http://en.wikipedia.org/wiki/Constantius_Chlorus","Constantius Chlorus","http://finds.org.uk/romancoins/emperors/emperor/id/74","Profile for Emperor: Constantius Chlorus","http://www.roman-emperors.org/chlorus.htm","Constantius I Chlorus","http://www4.wiwiss.fu-berlin.de/flickrwrappr/photos/Constantius_Chlorus","Photos for DBpedia.org resource Constantius_Chlorus","2014-01-22T12:06:09-06:00"
"http://dbpedia.org/resource/Constantius_II","http://viaf.org/viaf/35247811",,"Constantius II","Flavius Julius Constantius",,"http://en.wikipedia.org/wiki/Constantius_II","Constantius II","http://finds.org.uk/romancoins/emperors/emperor/id/100","Profile for Emperor: Constantius II","http://www.roman-emperors.org/constaii.htm","Flavius Julius Constantius","http://www4.wiwiss.fu-berlin.de/flickrwrappr/photos/Constantius_II","Photos for DBpedia.org resource Constantius_II","2014-01-22T12:06:09-06:00"
"http://dbpedia.org/resource/Constantius_III",,,"Constantius III",,,"http://en.wikipedia.org/wiki/Constantius_III","Constantius III","http://finds.org.uk/byzantinecoins/rulers/ruler/id/2163","Profile for Emperor: Constantius III","http://www4.wiwiss.fu-berlin.de/flickrwrappr/photos/Constantius_III","Photos for DBpedia.org resource Constantius_III",,,"2014-01-22T12:06:09-06:00"
"http://dbpedia.org/resource/Decius","http://viaf.org/viaf/10649322",," Gaius Messius Quintus Decius","Decius","Trajan Decius","http://en.wikipedia.org/wiki/Decius","Decius","http://finds.org.uk/romancoins/emperors/emperor/id/68","Profile for Emperor: Decius","http://www.roman-emperors.org/decius.htm","Trajan Decius","http://www4.wiwiss.fu-berlin.de/flickrwrappr/photos/Decius","Photos for DBpedia.org resource Decius","2014-01-22T12:06:09-06:00"
"http://dbpedia.org/resource/Diadumenian","http://viaf.org/viaf/89203309",,"Diadumenian","Diadumenianius",,"http://en.wikipedia.org/wiki/Diadumenian","Diadumenian","http://finds.org.uk/romancoins/emperors/emperor/id/93","Profile for Emperor: Diadumenian","http://www.roman-emperors.org/diadumen.htm","Diadumenianius","http://www4.wiwiss.fu-berlin.de/flickrwrappr/photos/Diadumenian","Photos for DBpedia.org resource Diadumenian","2014-01-22T12:06:09-06:00"
"http://dbpedia.org/resource/Didius_Julianus","http://viaf.org/viaf/121896833",,"Didius Julianus","Marcus Didius Severus Julianus",,"http://en.wikipedia.org/wiki/Didius_Julianus","Didius Julianus","http://finds.org.uk/romancoins/emperors/emperor/id/25","Profile for Emperor: Didius Julianus","http://www.roman-emperors.org/didjul.htm","Marcus Didius Severus Julianus","http://www4.wiwiss.fu-berlin.de/flickrwrappr/photos/Didius_Julianus","Photos for DBpedia.org resource Didius_Julianus","2014-01-22T12:06:09-06:00"
"http://dbpedia.org/resource/Diocletian","http://viaf.org/viaf/70259756",,"Diocletian",,,"http://en.wikipedia.org/wiki/Diocletian","Diocletian","http://finds.org.uk/romancoins/emperors/emperor/id/47","Profile for Emperor: Diocletian","http://www.roman-emperors.org/dioclet.htm","Diocletian","http://www4.wiwiss.fu-berlin.de/flickrwrappr/photos/Diocletian","Photos for DBpedia.org resource Diocletian","2014-01-22T12:06:09-06:00"
"http://dbpedia.org/resource/Domitian","http://nomisma.org/id/domitian","http://viaf.org/viaf/96284078","Domitian","Titus Flavius Domitianus",,"http://en.wikipedia.org/wiki/Domitian","Domitian","http://finds.org.uk/romancoins/emperors/emperor/id/9","Profile for Emperor: Domitian","http://www.roman-emperors.org/domitian.htm","Titus Flavius Domitianus","http://www4.wiwiss.fu-berlin.de/flickrwrappr/photos/Domitian","Photos for DBpedia.org resource Domitian","2014-01-22T12:06:09-06:00"
"http://dbpedia.org/resource/Domitianus_II",,,"Domitianus II",,,"http://en.wikipedia.org/wiki/Domitianus_II","Domitianus II","http://finds.org.uk/romancoins/emperors/emperor/id/94","Profile for Emperor: Domitianus II","http://www4.wiwiss.fu-berlin.de/flickrwrappr/photos/Domitianus_II","Photos for DBpedia.org resource Domitianus_II",,,"2014-01-22T12:06:09-06:00"
"http://dbpedia.org/resource/Domitius_Alexander",,,"Domitius Alexander",,,"http://en.wikipedia.org/wiki/Domitius_Alexander","Domitius Alexander","http://www4.wiwiss.fu-berlin.de/flickrwrappr/photos/Domitius_Alexander","Photos for DBpedia.org resource Domitius_Alexander",,,,,"2014-01-22T12:06:09-06:00"
"http://dbpedia.org/resource/Elagabalus","http://viaf.org/viaf/24583475",,"Elagabalus","Marcus Aurelius Antoninus",,"http://en.wikipedia.org/wiki/Elagabalus","Elagabalus","http://finds.org.uk/romancoins/emperors/emperor/id/33","Profile for Emperor: Elagabalus","http://www.roman-emperors.org/elagabal.htm","Marcus Aurelius Antoninus","http://www4.wiwiss.fu-berlin.de/flickrwrappr/photos/Elagabalus","Photos for DBpedia.org resource Elagabalus","2014-01-22T12:06:09-06:00"
"http://dbpedia.org/resource/Eleutherius_(exarch)",,,"Eleutherius",,,"http://en.wikipedia.org/wiki/Eleutherius_(exarch)","Eleutherius (exarch)","http://www4.wiwiss.fu-berlin.de/flickrwrappr/photos/Eleutherius_(exarch)","Photos for DBpedia.org resource Eleutherius_(exarch)",,,,,"2014-01-22T12:06:09-06:00"
"http://dbpedia.org/resource/Eugenius",,,"Eugenius",,,"http://en.wikipedia.org/wiki/Eugenius","Eugenius","http://finds.org.uk/romancoins/emperors/emperor/id/102","Profile for Emperor: Eugenius","http://www4.wiwiss.fu-berlin.de/flickrwrappr/photos/Eugenius","Photos for DBpedia.org resource Eugenius",,,"2014-01-22T12:06:09-06:00"
"http://dbpedia.org/resource/Flavius_Valerius_Severus","http://viaf.org/viaf/89764900",,"Flavius Valerius Severus","Severus II",,"http://en.wikipedia.org/wiki/Flavius_Valerius_Severus","Flavius Valerius Severus","http://finds.org.uk/romancoins/emperors/emperor/id/144","Profile for Emperor: Severus II","http://www.roman-emperors.org/severus.htm","Flavius Valerius Severus","http://www4.wiwiss.fu-berlin.de/flickrwrappr/photos/Flavius_Valerius_Severus","Photos for DBpedia.org resource Flavius_Valerius_Severus","2014-01-22T12:06:09-06:00"
"http://dbpedia.org/resource/Flavius_Victor",,,"Flavius Victor",,,"http://en.wikipedia.org/wiki/Flavius_Victor","Flavius Victor","http://finds.org.uk/romancoins/emperors/emperor/id/104","Profile for Emperor: Flavius Victor","http://www4.wiwiss.fu-berlin.de/flickrwrappr/photos/Flavius_Victor","Photos for DBpedia.org resource Flavius_Victor",,,"2014-01-22T12:06:09-06:00"
"http://dbpedia.org/resource/Florianus",,," Marcus Annius Florianus","Florian","Florianus","http://en.wikipedia.org/wiki/Florianus","Florianus","http://finds.org.uk/romancoins/emperors/emperor/id/48","Profile for Emperor: Florianus","http://www.roman-emperors.org/florian.htm","Florian","http://www4.wiwiss.fu-berlin.de/flickrwrappr/photos/Florianus","Photos for DBpedia.org resource Florianus","2014-01-22T12:06:09-06:00"
"http://dbpedia.org/resource/Gaius_Julius_Priscus",,,"Priscus",,,"http://en.wikipedia.org/wiki/Gaius_Julius_Priscus","Gaius Julius Priscus","http://www4.wiwiss.fu-berlin.de/flickrwrappr/photos/Gaius_Julius_Priscus","Photos for DBpedia.org resource Gaius_Julius_Priscus",,,,,"2014-01-22T12:06:09-06:00"
"http://dbpedia.org/resource/Galba","http://nomisma.org/id/galba","http://viaf.org/viaf/27034761","Galba",,,"http://en.wikipedia.org/wiki/Galba","Galba","http://finds.org.uk/romancoins/emperors/emperor/id/6","Profile for Emperor: Galba","http://www.roman-emperors.org/galba.htm","Galba","http://www4.wiwiss.fu-berlin.de/flickrwrappr/photos/Galba","Photos for DBpedia.org resource Galba","2014-01-22T12:06:09-06:00"
"http://dbpedia.org/resource/Galerius","http://viaf.org/viaf/66372731",,"Caius Galerius Valerius Maximianus","Galerius",,"http://en.wikipedia.org/wiki/Galerius","Galerius","http://finds.org.uk/romancoins/emperors/emperor/id/106","Profile for Emperor: Galerius","http://www.roman-emperors.org/galerius.htm","Caius Galerius Valerius Maximianus","http://www4.wiwiss.fu-berlin.de/flickrwrappr/photos/Galerius","Photos for DBpedia.org resource Galerius","2014-01-22T12:06:09-06:00"
"http://dbpedia.org/resource/Gallienus","http://nomisma.org/id/gallienus","http://viaf.org/viaf/10637212","Gallienus","P. Licinius Egnatius Gallienus",,"http://en.wikipedia.org/wiki/Gallienus","Gallienus","http://finds.org.uk/romancoins/emperors/emperor/id/76","Profile for Emperor: Gallienus","http://www.roman-emperors.org/gallval.htm","P. Licinius Egnatius Gallienus","http://www4.wiwiss.fu-berlin.de/flickrwrappr/photos/Gallienus","Photos for DBpedia.org resource Gallienus","2014-01-22T12:06:09-06:00"
"http://dbpedia.org/resource/Glycerius",,,"Glycerius",,,"http://en.wikipedia.org/wiki/Glycerius","Glycerius","http://finds.org.uk/byzantinecoins/rulers/ruler/id/2179","Profile for Emperor: Glycerius","http://www.roman-emperors.org/glyceriu.htm","Glycerius","http://www4.wiwiss.fu-berlin.de/flickrwrappr/photos/Glycerius","Photos for DBpedia.org resource Glycerius","2014-01-22T12:06:09-06:00"
"http://dbpedia.org/resource/Gordian_I","http://viaf.org/viaf/3274737",,"Gordian I",,,"http://en.wikipedia.org/wiki/Gordian_I","Gordian I","http://finds.org.uk/romancoins/emperors/emperor/id/50","Profile for Emperor: Gordian I","http://www.roman-emperors.org/gordo1.htm","Gordian I","http://www4.wiwiss.fu-berlin.de/flickrwrappr/photos/Gordian_I","Photos for DBpedia.org resource Gordian_I","2014-01-22T12:06:09-06:00"
"http://dbpedia.org/resource/Gordian_II","http://viaf.org/viaf/47565555",,"Gordian II",,,"http://en.wikipedia.org/wiki/Gordian_II","Gordian II","http://finds.org.uk/romancoins/emperors/emperor/id/51","Profile for Emperor: Gordian II","http://www4.wiwiss.fu-berlin.de/flickrwrappr/photos/Gordian_II","Photos for DBpedia.org resource Gordian_II",,,"2014-01-22T12:06:09-06:00"
"http://dbpedia.org/resource/Gordian_III","http://viaf.org/viaf/89202520",,"Gordian III",,,"http://en.wikipedia.org/wiki/Gordian_III","Gordian III","http://finds.org.uk/romancoins/emperors/emperor/id/52","Profile for Emperor: Gordian III","http://www.roman-emperors.org/gordo3.htm","Gordian III","http://www4.wiwiss.fu-berlin.de/flickrwrappr/photos/Gordian_III","Photos for DBpedia.org resource Gordian_III","2014-01-22T12:06:09-06:00"
"http://dbpedia.org/resource/Gratian","http://viaf.org/viaf/57409191",,"Flavius Gratianus","Gratian",,"http://en.wikipedia.org/wiki/Gratian","Gratian","http://finds.org.uk/romancoins/emperors/emperor/id/107","Profile for Emperor: Gratian","http://www.roman-emperors.org/gratian.htm","Flavius Gratianus","http://www4.wiwiss.fu-berlin.de/flickrwrappr/photos/Gratian","Photos for DBpedia.org resource Gratian","2014-01-22T12:06:09-06:00"
"http://dbpedia.org/resource/Gregory_the_Patrician",,,"Gregory",,,"http://en.wikipedia.org/wiki/Gregory_the_Patrician","Gregory the Patrician","http://www4.wiwiss.fu-berlin.de/flickrwrappr/photos/Gregory_the_Patrician","Photos for DBpedia.org resource Gregory_the_Patrician",,,,,"2014-01-22T12:06:09-06:00"
"http://dbpedia.org/resource/Hadrian","http://nomisma.org/id/hadrian","http://viaf.org/viaf/82440741","Hadrian",,,"http://en.wikipedia.org/wiki/Hadrian","Hadrian","http://finds.org.uk/romancoins/emperors/emperor/id/4","Profile for Emperor: Hadrian","http://www.roman-emperors.org/hadrian.htm","Hadrian","http://www4.wiwiss.fu-berlin.de/flickrwrappr/photos/Hadrian","Photos for DBpedia.org resource Hadrian","2014-01-22T12:06:09-06:00"
"http://dbpedia.org/resource/Heraclius",,,"Heraclius",,,"http://en.wikipedia.org/wiki/Heraclius","Heraclius","http://finds.org.uk/byzantinecoins/rulers/ruler/id/1985","Profile for Emperor: Heraclius","http://www.roman-emperors.org/heraclis.htm","Heraclius","http://www4.wiwiss.fu-berlin.de/flickrwrappr/photos/Heraclius","Photos for DBpedia.org resource Heraclius","2014-01-22T12:06:09-06:00"
"http://dbpedia.org/resource/Heraklonas",,,"Heraklonas",,,"http://en.wikipedia.org/wiki/Heraklonas","Heraklonas","http://finds.org.uk/byzantinecoins/rulers/ruler/id/1987","Profile for Emperor: Heraklonas","http://www.roman-emperors.org/heraclon.htm","Heraclonas","http://www4.wiwiss.fu-berlin.de/flickrwrappr/photos/Heraklonas","Photos for DBpedia.org resource Heraklonas","2014-01-22T12:06:09-06:00"
"http://dbpedia.org/resource/Herennius_Etruscus",,,"Herennius Etruscus",,,"http://en.wikipedia.org/wiki/Herennius_Etruscus","Herennius Etruscus","http://finds.org.uk/romancoins/emperors/emperor/id/111","Profile for Emperor: Herennius Etruscus","http://www4.wiwiss.fu-berlin.de/flickrwrappr/photos/Herennius_Etruscus","Photos for DBpedia.org resource Herennius_Etruscus",,,"2014-01-22T12:06:09-06:00"
"http://dbpedia.org/resource/Honorius_(emperor)","http://viaf.org/viaf/398923",,"Flavius Honorius","Honorius",,"http://en.wikipedia.org/wiki/Honorius_(emperor)","Honorius (emperor)","http://finds.org.uk/romancoins/emperors/emperor/id/112","Profile for Emperor: Honorius","http://www.roman-emperors.org/honorius.htm","Flavius Honorius","http://www4.wiwiss.fu-berlin.de/flickrwrappr/photos/Honorius_(emperor)","Photos for DBpedia.org resource Honorius_(emperor)","2014-01-22T12:06:09-06:00"
"http://dbpedia.org/resource/Hostilian",,,"Hostilian",,,"http://en.wikipedia.org/wiki/Hostilian","Hostilian","http://finds.org.uk/romancoins/emperors/emperor/id/113","Profile for Emperor: Hostilian","http://www4.wiwiss.fu-berlin.de/flickrwrappr/photos/Hostilian","Photos for DBpedia.org resource Hostilian",,,"2014-01-22T12:06:09-06:00"
"http://dbpedia.org/resource/Hypatius_(consul_500)",,,"Hypatius",,,"http://en.wikipedia.org/wiki/Hypatius_(consul_500)","Hypatius (consul 500)","http://www4.wiwiss.fu-berlin.de/flickrwrappr/photos/Hypatius_(consul_500)","Photos for DBpedia.org resource Hypatius_(consul_500)",,,,,"2014-01-22T12:06:09-06:00"
"http://dbpedia.org/resource/Ingenuus",,,"Ingenuus",,,"http://en.wikipedia.org/wiki/Ingenuus","Ingenuus","http://www4.wiwiss.fu-berlin.de/flickrwrappr/photos/Ingenuus","Photos for DBpedia.org resource Ingenuus",,,,,"2014-01-22T12:06:09-06:00"
"http://dbpedia.org/resource/Irene_of_Athens",,,"Irene of Athens",,,"http://en.wikipedia.org/wiki/Irene_of_Athens","Irene of Athens","http://www.roman-emperors.org/irene.htm","Constantine Vi","http://www4.wiwiss.fu-berlin.de/flickrwrappr/photos/Irene_of_Athens","Photos for DBpedia.org resource Irene_of_Athens",,,"2014-01-22T12:06:09-06:00"
"http://dbpedia.org/resource/Isaac_II_Angelos",,,"Isaac II",,,"http://en.wikipedia.org/wiki/Isaac_II_Angelos","Isaac II Angelos","http://finds.org.uk/byzantinecoins/rulers/ruler/id/2043","Profile for Emperor: Isaac II","http://www4.wiwiss.fu-berlin.de/flickrwrappr/photos/Isaac_II_Angelos","Photos for DBpedia.org resource Isaac_II_Angelos",,,"2014-01-22T12:06:09-06:00"
"http://dbpedia.org/resource/Isaac_I_Komnenos",,,"Isaac I Komnenos",,,"http://en.wikipedia.org/wiki/Isaac_I_Komnenos","Isaac I Komnenos","http://finds.org.uk/byzantinecoins/rulers/ruler/id/2027","Profile for Emperor: Isaac I Komnenos","http://www4.wiwiss.fu-berlin.de/flickrwrappr/photos/Isaac_I_Komnenos","Photos for DBpedia.org resource Isaac_I_Komnenos",,,"2014-01-22T12:06:09-06:00"
"http://dbpedia.org/resource/Joannes",,,"Joannes",,,"http://en.wikipedia.org/wiki/Joannes","Joannes","http://finds.org.uk/romancoins/emperors/emperor/id/114","Profile for Emperor: Joannes","http://www4.wiwiss.fu-berlin.de/flickrwrappr/photos/Joannes","Photos for DBpedia.org resource Joannes",,,"2014-01-22T12:06:09-06:00"
"http://dbpedia.org/resource/John_Athalarichos",,,"John Athalarichos",,,"http://en.wikipedia.org/wiki/John_Athalarichos","John Athalarichos","http://www4.wiwiss.fu-berlin.de/flickrwrappr/photos/John_Athalarichos","Photos for DBpedia.org resource John_Athalarichos",,,,,"2014-01-22T12:06:09-06:00"
"http://dbpedia.org/resource/John_Cottistis",,,"John Cottistis",,,"http://en.wikipedia.org/wiki/John_Cottistis","John Cottistis","http://www4.wiwiss.fu-berlin.de/flickrwrappr/photos/John_Cottistis","Photos for DBpedia.org resource John_Cottistis",,,,,"2014-01-22T12:06:09-06:00"
"http://dbpedia.org/resource/John_III_Doukas_Vatatzes",,,"John III",,,"http://en.wikipedia.org/wiki/John_III_Doukas_Vatatzes","John III Doukas Vatatzes","http://www4.wiwiss.fu-berlin.de/flickrwrappr/photos/John_III_Doukas_Vatatzes","Photos for DBpedia.org resource John_III_Doukas_Vatatzes",,,,,"2014-01-22T12:06:09-06:00"
"http://dbpedia.org/resource/John_II_Komnenos",,,"John II Comnenus","John II Komnenos",,"http://en.wikipedia.org/wiki/John_II_Komnenos","John II Komnenos","http://finds.org.uk/byzantinecoins/rulers/ruler/id/2038","Profile for Emperor: John II Komnenos","http://www.roman-emperors.org/johncomn.htm","John II Comnenus","http://www4.wiwiss.fu-berlin.de/flickrwrappr/photos/John_II_Komnenos","Photos for DBpedia.org resource John_II_Komnenos","2014-01-22T12:06:09-06:00"
"http://dbpedia.org/resource/John_IV_Laskaris",,,"John IV",,,"http://en.wikipedia.org/wiki/John_IV_Laskaris","John IV Laskaris","http://www4.wiwiss.fu-berlin.de/flickrwrappr/photos/John_IV_Laskaris","Photos for DBpedia.org resource John_IV_Laskaris",,,,,"2014-01-22T12:06:09-06:00"
"http://dbpedia.org/resource/John_I_Tzimiskes",,,"John I",,,"http://en.wikipedia.org/wiki/John_I_Tzimiskes","John I Tzimiskes","http://finds.org.uk/byzantinecoins/rulers/ruler/id/2016","Profile for Emperor: John I","http://www4.wiwiss.fu-berlin.de/flickrwrappr/photos/John_I_Tzimiskes","Photos for DBpedia.org resource John_I_Tzimiskes",,,"2014-01-22T12:06:09-06:00"
"http://dbpedia.org/resource/John_VIII_Palaiologos",,,"John VIII",,,"http://en.wikipedia.org/wiki/John_VIII_Palaiologos","John VIII Palaiologos","http://finds.org.uk/byzantinecoins/rulers/ruler/id/2073","Profile for Emperor: John VIII","http://www4.wiwiss.fu-berlin.de/flickrwrappr/photos/John_VIII_Palaiologos","Photos for DBpedia.org resource John_VIII_Palaiologos",,,"2014-01-22T12:06:09-06:00"
"http://dbpedia.org/resource/John_VII_Palaiologos",,,"John VII",,,"http://en.wikipedia.org/wiki/John_VII_Palaiologos","John VII Palaiologos","http://finds.org.uk/byzantinecoins/rulers/ruler/id/2072","Profile for Emperor: John VII","http://www4.wiwiss.fu-berlin.de/flickrwrappr/photos/John_VII_Palaiologos","Photos for DBpedia.org resource John_VII_Palaiologos",,,"2014-01-22T12:06:09-06:00"
"http://dbpedia.org/resource/John_VI_Kantakouzenos",,,"John VI",,,"http://en.wikipedia.org/wiki/John_VI_Kantakouzenos","John VI Kantakouzenos","http://finds.org.uk/byzantinecoins/rulers/ruler/id/2067","Profile for Emperor: John VI","http://www4.wiwiss.fu-berlin.de/flickrwrappr/photos/John_VI_Kantakouzenos","Photos for DBpedia.org resource John_VI_Kantakouzenos",,,"2014-01-22T12:06:09-06:00"
"http://dbpedia.org/resource/John_V_Palaiologos",,,"John V",,,"http://en.wikipedia.org/wiki/John_V_Palaiologos","John V Palaiologos","http://finds.org.uk/byzantinecoins/rulers/ruler/id/2065","Profile for Emperor: John V","http://www4.wiwiss.fu-berlin.de/flickrwrappr/photos/John_V_Palaiologos","Photos for DBpedia.org resource John_V_Palaiologos",,,"2014-01-22T12:06:09-06:00"
"http://dbpedia.org/resource/John_of_Conza",,,"John of Conza",,,"http://en.wikipedia.org/wiki/John_of_Conza","John of Conza","http://www4.wiwiss.fu-berlin.de/flickrwrappr/photos/John_of_Conza","Photos for DBpedia.org resource John_of_Conza",,,,,"2014-01-22T12:06:09-06:00"
"http://dbpedia.org/resource/Jotapianus",,,"Jotapianus",,,"http://en.wikipedia.org/wiki/Jotapianus","Jotapianus","http://finds.org.uk/romancoins/emperors/emperor/id/49","Profile for Emperor: Jotapianus","http://www4.wiwiss.fu-berlin.de/flickrwrappr/photos/Jotapianus","Photos for DBpedia.org resource Jotapianus",,,"2014-01-22T12:06:09-06:00"
"http://dbpedia.org/resource/Jovian_(emperor)","http://viaf.org/viaf/12693872",,"Flavius Jovianus","Jovian",,"http://en.wikipedia.org/wiki/Jovian_(emperor)","Jovian (emperor)","http://finds.org.uk/romancoins/emperors/emperor/id/115","Profile for Emperor: Jovian","http://www.roman-emperors.org/jovian.htm","Flavius Jovianus","http://www4.wiwiss.fu-berlin.de/flickrwrappr/photos/Jovian_(emperor)","Photos for DBpedia.org resource Jovian_(emperor)","2014-01-22T12:06:09-06:00"
"http://dbpedia.org/resource/Jovinus",,,"Jovinus",,,"http://en.wikipedia.org/wiki/Jovinus","Jovinus","http://finds.org.uk/romancoins/emperors/emperor/id/116","Profile for Emperor: Jovinus","http://www4.wiwiss.fu-berlin.de/flickrwrappr/photos/Jovinus","Photos for DBpedia.org resource Jovinus",,,"2014-01-22T12:06:09-06:00"
"http://dbpedia.org/resource/Julian_the_Apostate","http://viaf.org/viaf/57406701",," Flavius Claudius Julianus","Julian","Julian The Apostate","http://en.wikipedia.org/wiki/Julian_the_Apostate","Julian the Apostate","http://finds.org.uk/romancoins/emperors/emperor/id/155","Profile for Emperor: Julian","http://www.roman-emperors.org/julian.htm","Julian The Apostate","http://www4.wiwiss.fu-berlin.de/flickrwrappr/photos/Julian_the_Apostate","Photos for DBpedia.org resource Julian_the_Apostate","2014-01-22T12:06:09-06:00"
"http://dbpedia.org/resource/Julianus_ben_Sabar",,,"Julianus ben Sabar",,,"http://en.wikipedia.org/wiki/Julianus_ben_Sabar","Julianus ben Sabar","http://www4.wiwiss.fu-berlin.de/flickrwrappr/photos/Julianus_ben_Sabar","Photos for DBpedia.org resource Julianus_ben_Sabar",,,,,"2014-01-22T12:06:09-06:00"
"http://dbpedia.org/resource/Julius_Nepos",,,"Julius Nepos",,,"http://en.wikipedia.org/wiki/Julius_Nepos","Julius Nepos","http://finds.org.uk/byzantinecoins/rulers/ruler/id/2180","Profile for Emperor: Julius Nepos","http://www.roman-emperors.org/nepos.htm","Julius Nepos","http://www4.wiwiss.fu-berlin.de/flickrwrappr/photos/Julius_Nepos","Photos for DBpedia.org resource Julius_Nepos","2014-01-22T12:06:09-06:00"
"http://dbpedia.org/resource/Julius_Saturninus",,,"Julius Saturninus",,,"http://en.wikipedia.org/wiki/Julius_Saturninus","Julius Saturninus","http://www4.wiwiss.fu-berlin.de/flickrwrappr/photos/Julius_Saturninus","Photos for DBpedia.org resource Julius_Saturninus",,,,,"2014-01-22T12:06:09-06:00"
"http://dbpedia.org/resource/Justin_I",,,"Justin I",,,"http://en.wikipedia.org/wiki/Justin_I","Justin I","http://finds.org.uk/byzantinecoins/rulers/ruler/id/1975","Profile for Emperor: Justin I","http://www.roman-emperors.org/justin.htm","Justin","http://www4.wiwiss.fu-berlin.de/flickrwrappr/photos/Justin_I","Photos for DBpedia.org resource Justin_I","2014-01-22T12:06:09-06:00"
"http://dbpedia.org/resource/Justin_II",,,"Justin II",,,"http://en.wikipedia.org/wiki/Justin_II","Justin II","http://finds.org.uk/byzantinecoins/rulers/ruler/id/1978","Profile for Emperor: Justin II","http://www.roman-emperors.org/justinii.htm","Justin II","http://www4.wiwiss.fu-berlin.de/flickrwrappr/photos/Justin_II","Photos for DBpedia.org resource Justin_II","2014-01-22T12:06:09-06:00"
"http://dbpedia.org/resource/Justinian_I",,,"Justinian","Justinian I",,"http://en.wikipedia.org/wiki/Justinian_I","Justinian I","http://finds.org.uk/byzantinecoins/rulers/ruler/id/1977","Profile for Emperor: Justinian I","http://www.roman-emperors.org/justinia.htm","Justinian","http://www4.wiwiss.fu-berlin.de/flickrwrappr/photos/Justinian_I","Photos for DBpedia.org resource Justinian_I","2014-01-22T12:06:09-06:00"
"http://dbpedia.org/resource/Justinian_II",,,"Justinian II",,,"http://en.wikipedia.org/wiki/Justinian_II","Justinian II","http://www.roman-emperors.org/Just2.htm","Justinian II","http://www4.wiwiss.fu-berlin.de/flickrwrappr/photos/Justinian_II","Photos for DBpedia.org resource Justinian_II",,,"2014-01-22T12:06:09-06:00"
"http://dbpedia.org/resource/Laelianus",,,"Laelianus",,,"http://en.wikipedia.org/wiki/Laelianus","Laelianus","http://finds.org.uk/romancoins/emperors/emperor/id/55","Profile for Emperor: Laelianus","http://www4.wiwiss.fu-berlin.de/flickrwrappr/photos/Laelianus","Photos for DBpedia.org resource Laelianus",,,"2014-01-22T12:06:09-06:00"
"http://dbpedia.org/resource/Leo_III_the_Isaurian",,,"Leo III",,,"http://en.wikipedia.org/wiki/Leo_III_the_Isaurian","Leo III the Isaurian","http://finds.org.uk/byzantinecoins/rulers/ruler/id/1998","Profile for Emperor: Leo III","http://www.roman-emperors.org/leoiii.htm","Leo III","http://www4.wiwiss.fu-berlin.de/flickrwrappr/photos/Leo_III_the_Isaurian","Photos for DBpedia.org resource Leo_III_the_Isaurian","2014-01-22T12:06:09-06:00"
"http://dbpedia.org/resource/Leo_II_(emperor)",,,"Leo II",,,"http://en.wikipedia.org/wiki/Leo_II_(emperor)","Leo II (emperor)","http://finds.org.uk/byzantinecoins/rulers/ruler/id/2173","Profile for Emperor: Leo II","http://www.roman-emperors.org/leo2.htm","Leo II","http://www4.wiwiss.fu-berlin.de/flickrwrappr/photos/Leo_II_(emperor)","Photos for DBpedia.org resource Leo_II_(emperor)","2014-01-22T12:06:09-06:00"
"http://dbpedia.org/resource/Leo_IV_the_Khazar",,,"Leo IV","Leo Iv",,"http://en.wikipedia.org/wiki/Leo_IV_the_Khazar","Leo IV the Khazar","http://www.roman-emperors.org/leo4.htm","Leo Iv","http://www4.wiwiss.fu-berlin.de/flickrwrappr/photos/Leo_IV_the_Khazar","Photos for DBpedia.org resource Leo_IV_the_Khazar",,,"2014-01-22T12:06:09-06:00"
"http://dbpedia.org/resource/Leo_I_(emperor)",,,"Leo I",,,"http://en.wikipedia.org/wiki/Leo_I_(emperor)","Leo I (emperor)","http://finds.org.uk/byzantinecoins/rulers/ruler/id/2171","Profile for Emperor: Leo I","http://www4.wiwiss.fu-berlin.de/flickrwrappr/photos/Leo_I_(emperor)","Photos for DBpedia.org resource Leo_I_(emperor)",,,"2014-01-22T12:06:09-06:00"
"http://dbpedia.org/resource/Leo_VI_the_Wise",,,"Leo VI",,,"http://en.wikipedia.org/wiki/Leo_VI_the_Wise","Leo VI the Wise","http://finds.org.uk/byzantinecoins/rulers/ruler/id/2011","Profile for Emperor: Leo VI","http://www4.wiwiss.fu-berlin.de/flickrwrappr/photos/Leo_VI_the_Wise","Photos for DBpedia.org resource Leo_VI_the_Wise",,,"2014-01-22T12:06:09-06:00"
"http://dbpedia.org/resource/Leo_V_the_Armenian",,,"Leo V",,,"http://en.wikipedia.org/wiki/Leo_V_the_Armenian","Leo V the Armenian","http://www4.wiwiss.fu-berlin.de/flickrwrappr/photos/Leo_V_the_Armenian","Photos for DBpedia.org resource Leo_V_the_Armenian",,,,,"2014-01-22T12:06:09-06:00"
"http://dbpedia.org/resource/Leontios",,,"Leontios",,,"http://en.wikipedia.org/wiki/Leontios","Leontios","http://www.roman-emperors.org/leonti2.htm","Leontius","http://www4.wiwiss.fu-berlin.de/flickrwrappr/photos/Leontios","Photos for DBpedia.org resource Leontios",,,"2014-01-22T12:06:09-06:00"
"http://dbpedia.org/resource/Leontius_(usurper)",,,"Leontius",,,"http://en.wikipedia.org/wiki/Leontius_(usurper)","Leontius (usurper)","http://finds.org.uk/byzantinecoins/rulers/ruler/id/2186","Profile for Emperor: Leontius","http://www4.wiwiss.fu-berlin.de/flickrwrappr/photos/Leontius_(usurper)","Photos for DBpedia.org resource Leontius_(usurper)",,,"2014-01-22T12:06:09-06:00"
"http://dbpedia.org/resource/Libius_Severus","http://viaf.org/viaf/1214340",,"Libius Severus",,,"http://en.wikipedia.org/wiki/Libius_Severus","Libius Severus","http://www.roman-emperors.org/libius.htm","Libius Severus","http://www4.wiwiss.fu-berlin.de/flickrwrappr/photos/Libius_Severus","Photos for DBpedia.org resource Libius_Severus",,,"2014-01-22T12:06:09-06:00"
"http://dbpedia.org/resource/Licinianus",,,"Licinianus",,,"http://en.wikipedia.org/wiki/Licinianus","Licinianus","http://www4.wiwiss.fu-berlin.de/flickrwrappr/photos/Licinianus","Photos for DBpedia.org resource Licinianus",,,,,"2014-01-22T12:06:09-06:00"
"http://dbpedia.org/resource/Licinius","http://viaf.org/viaf/66856266",,"Licinius","Valerius Licinianus Licinius",,"http://en.wikipedia.org/wiki/Licinius","Licinius","http://finds.org.uk/romancoins/emperors/emperor/id/119","Profile for Emperor: Licinius","http://www.roman-emperors.org/licinius.htm","Valerius Licinianus Licinius","http://www4.wiwiss.fu-berlin.de/flickrwrappr/photos/Licinius","Photos for DBpedia.org resource Licinius","2014-01-22T12:06:09-06:00"
"http://dbpedia.org/resource/Longinus_(consul_486)",,,"Longinus",,,"http://en.wikipedia.org/wiki/Longinus_(consul_486)","Longinus (consul 486)","http://www4.wiwiss.fu-berlin.de/flickrwrappr/photos/Longinus_(consul_486)","Photos for DBpedia.org resource Longinus_(consul_486)",,,,,"2014-01-22T12:06:09-06:00"
"http://dbpedia.org/resource/Lucius_Verus","http://nomisma.org/id/lucius_verus","http://viaf.org/viaf/42631348","Lucius Verus",,,"http://en.wikipedia.org/wiki/Lucius_Verus","Lucius Verus","http://finds.org.uk/romancoins/emperors/emperor/id/21","Profile for Emperor: Lucius Verus","http://www.roman-emperors.org/lverus.htm","L. Verus","http://www4.wiwiss.fu-berlin.de/flickrwrappr/photos/Lucius_Verus","Photos for DBpedia.org resource Lucius_Verus","2014-01-22T12:06:09-06:00"
"http://dbpedia.org/resource/Macrianus_Major",,,"Macrianus Major",,,"http://en.wikipedia.org/wiki/Macrianus_Major","Macrianus Major","http://finds.org.uk/romancoins/emperors/emperor/id/54","Profile for Emperor: Macrianus Major","http://www4.wiwiss.fu-berlin.de/flickrwrappr/photos/Macrianus_Major","Photos for DBpedia.org resource Macrianus_Major",,,"2014-01-22T12:06:09-06:00"
"http://dbpedia.org/resource/Macrianus_Minor",,,"Macrianus Minor",,,"http://en.wikipedia.org/wiki/Macrianus_Minor","Macrianus Minor","http://www4.wiwiss.fu-berlin.de/flickrwrappr/photos/Macrianus_Minor","Photos for DBpedia.org resource Macrianus_Minor",,,,,"2014-01-22T12:06:09-06:00"
"http://dbpedia.org/resource/Macrinus","http://nomisma.org/id/macrinus","http://viaf.org/viaf/89202499","Macrinus","Marcus Opellius Macrinus",,"http://en.wikipedia.org/wiki/Macrinus","Macrinus","http://finds.org.uk/romancoins/emperors/emperor/id/32","Profile for Emperor: Macrinus","http://www.roman-emperors.org/macrinus.htm","Marcus Opellius Macrinus","http://www4.wiwiss.fu-berlin.de/flickrwrappr/photos/Macrinus","Photos for DBpedia.org resource Macrinus","2014-01-22T12:06:09-06:00"
"http://dbpedia.org/resource/Magnentius",,,"Magnentius",,,"http://en.wikipedia.org/wiki/Magnentius","Magnentius","http://finds.org.uk/romancoins/emperors/emperor/id/121","Profile for Emperor: Magnentius","http://www4.wiwiss.fu-berlin.de/flickrwrappr/photos/Magnentius","Photos for DBpedia.org resource Magnentius",,,"2014-01-22T12:06:09-06:00"
"http://dbpedia.org/resource/Magnus_Maximus",,,"Magnus Maximus",,,"http://en.wikipedia.org/wiki/Magnus_Maximus","Magnus Maximus","http://finds.org.uk/romancoins/emperors/emperor/id/123","Profile for Emperor: Magnus Maximus","http://www4.wiwiss.fu-berlin.de/flickrwrappr/photos/Magnus_Maximus","Photos for DBpedia.org resource Magnus_Maximus",,,"2014-01-22T12:06:09-06:00"
"http://dbpedia.org/resource/Majorian","http://viaf.org/viaf/121585248",,"Julius Valerius Maiorianus","Majorian",,"http://en.wikipedia.org/wiki/Majorian","Majorian","http://finds.org.uk/byzantinecoins/rulers/ruler/id/2174","Profile for Emperor: Majorian","http://www.roman-emperors.org/major.htm","Julius Valerius Maiorianus","http://www4.wiwiss.fu-berlin.de/flickrwrappr/photos/Majorian","Photos for DBpedia.org resource Majorian","2014-01-22T12:06:09-06:00"
"http://dbpedia.org/resource/Manuel_II_Palaiologos",,,"Manuel II","Manuel II Palaiologos",,"http://en.wikipedia.org/wiki/Manuel_II_Palaiologos","Manuel II Palaiologos","http://finds.org.uk/byzantinecoins/rulers/ruler/id/2070","Profile for Emperor: Manuel II","http://www.roman-emperors.org/manuel2.htm","Manuel II Palaiologos","http://www4.wiwiss.fu-berlin.de/flickrwrappr/photos/Manuel_II_Palaiologos","Photos for DBpedia.org resource Manuel_II_Palaiologos","2014-01-22T12:06:09-06:00"
"http://dbpedia.org/resource/Manuel_I_Komnenos",,,"Manuel I Comnenus","Manuel I Komnenos",,"http://en.wikipedia.org/wiki/Manuel_I_Komnenos","Manuel I Komnenos","http://finds.org.uk/byzantinecoins/rulers/ruler/id/2039","Profile for Emperor: Manuel I Komnenos","http://www.roman-emperors.org/mannycom.htm","Manuel I Comnenus","http://www4.wiwiss.fu-berlin.de/flickrwrappr/photos/Manuel_I_Komnenos","Photos for DBpedia.org resource Manuel_I_Komnenos","2014-01-22T12:06:09-06:00"
"http://dbpedia.org/resource/Marcian",,,"Marcian",,,"http://en.wikipedia.org/wiki/Marcian","Marcian","http://finds.org.uk/byzantinecoins/rulers/ruler/id/2168","Profile for Emperor: Marcian","http://www.roman-emperors.org/marcian.htm","Marcian (m. Pulcheria, gnddghtr Theod I)","http://www4.wiwiss.fu-berlin.de/flickrwrappr/photos/Marcian","Photos for DBpedia.org resource Marcian","2014-01-22T12:06:09-06:00"
"http://dbpedia.org/resource/Marcus_Aurelius","http://nomisma.org/id/marcus_aurelius","http://viaf.org/viaf/102895066","Marcus Aurelius",,,"http://en.wikipedia.org/wiki/Marcus_Aurelius","Marcus Aurelius","http://finds.org.uk/romancoins/emperors/emperor/id/19","Profile for Emperor: Marcus Aurelius","http://www.roman-emperors.org/marcaur.htm","Marcus Aurelius","http://www4.wiwiss.fu-berlin.de/flickrwrappr/photos/Marcus_Aurelius","Photos for DBpedia.org resource Marcus_Aurelius","2014-01-22T12:06:09-06:00"
"http://dbpedia.org/resource/Marcus_Aurelius_Marius",,,"Marius",,,"http://en.wikipedia.org/wiki/Marcus_Aurelius_Marius","Marcus Aurelius Marius","http://finds.org.uk/romancoins/emperors/emperor/id/78","Profile for Emperor: Marius","http://www4.wiwiss.fu-berlin.de/flickrwrappr/photos/Marcus_Aurelius_Marius","Photos for DBpedia.org resource Marcus_Aurelius_Marius",,,"2014-01-22T12:06:09-06:00"
"http://dbpedia.org/resource/Marcus_Aurelius_Probus","http://viaf.org/viaf/72190445",,"M. Aurelius Probus","Probus",,"http://en.wikipedia.org/wiki/Marcus_Aurelius_Probus","Marcus Aurelius Probus","http://finds.org.uk/romancoins/emperors/emperor/id/60","Profile for Emperor: Probus","http://www.roman-emperors.org/probus.htm","M. Aurelius Probus","http://www4.wiwiss.fu-berlin.de/flickrwrappr/photos/Marcus_Aurelius_Probus","Photos for DBpedia.org resource Marcus_Aurelius_Probus","2014-01-22T12:06:09-06:00"
"http://dbpedia.org/resource/Marcus_Claudius_Tacitus","http://viaf.org/viaf/20744377",,"Marcus Claudius Tacitus","Tacitus",,"http://en.wikipedia.org/wiki/Marcus_Claudius_Tacitus","Marcus Claudius Tacitus","http://finds.org.uk/romancoins/emperors/emperor/id/65","Profile for Emperor: Tacitus","http://www.roman-emperors.org/tacitus.htm","Marcus Claudius Tacitus","http://www4.wiwiss.fu-berlin.de/flickrwrappr/photos/Marcus_Claudius_Tacitus","Photos for DBpedia.org resource Marcus_Claudius_Tacitus","2014-01-22T12:06:09-06:00"
"http://dbpedia.org/resource/Matthew_Kantakouzenos",,,"Matthew",,,"http://en.wikipedia.org/wiki/Matthew_Kantakouzenos","Matthew Kantakouzenos","http://www4.wiwiss.fu-berlin.de/flickrwrappr/photos/Matthew_Kantakouzenos","Photos for DBpedia.org resource Matthew_Kantakouzenos",,,,,"2014-01-22T12:06:09-06:00"
"http://dbpedia.org/resource/Maurice_(emperor)",,,"Maurice",,,"http://en.wikipedia.org/wiki/Maurice_(emperor)","Maurice (emperor)","http://finds.org.uk/byzantinecoins/rulers/ruler/id/1981","Profile for Emperor: Maurice","http://www.roman-emperors.org/mauricius.htm","Maurice","http://www4.wiwiss.fu-berlin.de/flickrwrappr/photos/Maurice_(emperor)","Photos for DBpedia.org resource Maurice_(emperor)","2014-01-22T12:06:09-06:00"
"http://dbpedia.org/resource/Maurikios_Chartoularios",,,"Maurikios Chartoularios",,,"http://en.wikipedia.org/wiki/Maurikios_Chartoularios","Maurikios Chartoularios","http://www4.wiwiss.fu-berlin.de/flickrwrappr/photos/Maurikios_Chartoularios","Photos for DBpedia.org resource Maurikios_Chartoularios",,,,,"2014-01-22T12:06:09-06:00"
"http://dbpedia.org/resource/Maxentius","http://viaf.org/viaf/3920874",,"Marcus Aurelius Valerius Maxentius","Maxentius",,"http://en.wikipedia.org/wiki/Maxentius","Maxentius","http://finds.org.uk/romancoins/emperors/emperor/id/129","Profile for Emperor: Maxentius","http://www.roman-emperors.org/maxentiu.htm","Marcus Aurelius Valerius Maxentius","http://www4.wiwiss.fu-berlin.de/flickrwrappr/photos/Maxentius","Photos for DBpedia.org resource Maxentius","2014-01-22T12:06:09-06:00"
"http://dbpedia.org/resource/Maximian","http://viaf.org/viaf/50478873",,"Maximian","Maximianus Herculius",,"http://en.wikipedia.org/wiki/Maximian","Maximian","http://finds.org.uk/romancoins/emperors/emperor/id/56","Profile for Emperor: Maximian","http://www.roman-emperors.org/maxherc.htm","Maximianus Herculius","http://www4.wiwiss.fu-berlin.de/flickrwrappr/photos/Maximian","Photos for DBpedia.org resource Maximian","2014-01-22T12:06:09-06:00"
"http://dbpedia.org/resource/Maximinus_II","http://viaf.org/viaf/69721940",,"Caius Valerius Galerius Maximinus","Maximinus Daia",,"http://en.wikipedia.org/wiki/Maximinus_II","Maximinus II","http://finds.org.uk/romancoins/emperors/emperor/id/130","Profile for Emperor: Maximinus Daia","http://www.roman-emperors.org/daia.htm","Caius Valerius Galerius Maximinus","http://www4.wiwiss.fu-berlin.de/flickrwrappr/photos/Maximinus_II","Photos for DBpedia.org resource Maximinus_II","2014-01-22T12:06:09-06:00"
"http://dbpedia.org/resource/Maximinus_Thrax","http://viaf.org/viaf/72703271",,"Maximinus Thrax",,,"http://en.wikipedia.org/wiki/Maximinus_Thrax","Maximinus Thrax","http://finds.org.uk/romancoins/emperors/emperor/id/79","Profile for Emperor: Maximinus Thrax","http://www.roman-emperors.org/maxthrax.htm","Maximinus Thrax","http://www4.wiwiss.fu-berlin.de/flickrwrappr/photos/Maximinus_Thrax","Photos for DBpedia.org resource Maximinus_Thrax","2014-01-22T12:06:09-06:00"
"http://dbpedia.org/resource/Maximus_of_Hispania",,,"Maximus",,,"http://en.wikipedia.org/wiki/Maximus_of_Hispania","Maximus of Hispania","http://www4.wiwiss.fu-berlin.de/flickrwrappr/photos/Maximus_of_Hispania","Photos for DBpedia.org resource Maximus_of_Hispania",,,,,"2014-01-22T12:06:09-06:00"
"http://dbpedia.org/resource/Mezezius",,,"Mezezius",,,"http://en.wikipedia.org/wiki/Mezezius","Mezezius","http://www4.wiwiss.fu-berlin.de/flickrwrappr/photos/Mezezius","Photos for DBpedia.org resource Mezezius",,,,,"2014-01-22T12:06:09-06:00"
"http://dbpedia.org/resource/Michael_II",,,"Michael II",,,"http://en.wikipedia.org/wiki/Michael_II","Michael II","http://finds.org.uk/byzantinecoins/rulers/ruler/id/2007","Profile for Emperor: Michael II","http://www4.wiwiss.fu-berlin.de/flickrwrappr/photos/Michael_II","Photos for DBpedia.org resource Michael_II",,,"2014-01-22T12:06:09-06:00"
"http://dbpedia.org/resource/Michael_III",,,"Michael III",,,"http://en.wikipedia.org/wiki/Michael_III","Michael III","http://finds.org.uk/byzantinecoins/rulers/ruler/id/2009","Profile for Emperor: Michael III","http://www4.wiwiss.fu-berlin.de/flickrwrappr/photos/Michael_III","Photos for DBpedia.org resource Michael_III",,,"2014-01-22T12:06:09-06:00"
"http://dbpedia.org/resource/Michael_IV_the_Paphlagonian",,,"Michael IV",,,"http://en.wikipedia.org/wiki/Michael_IV_the_Paphlagonian","Michael IV the Paphlagonian","http://finds.org.uk/byzantinecoins/rulers/ruler/id/2020","Profile for Emperor: Michael IV","http://www4.wiwiss.fu-berlin.de/flickrwrappr/photos/Michael_IV_the_Paphlagonian","Photos for DBpedia.org resource Michael_IV_the_Paphlagonian",,,"2014-01-22T12:06:09-06:00"
"http://dbpedia.org/resource/Michael_IX_Palaiologos",,,"Michael IX",,,"http://en.wikipedia.org/wiki/Michael_IX_Palaiologos","Michael IX Palaiologos","http://www4.wiwiss.fu-berlin.de/flickrwrappr/photos/Michael_IX_Palaiologos","Photos for DBpedia.org resource Michael_IX_Palaiologos",,,,,"2014-01-22T12:06:09-06:00"
"http://dbpedia.org/resource/Michael_I_Rangabe",,,"Michael I Rangabe",,,"http://en.wikipedia.org/wiki/Michael_I_Rangabe","Michael I Rangabe","http://finds.org.uk/byzantinecoins/rulers/ruler/id/2005","Profile for Emperor: Michael I Rangabe","http://www4.wiwiss.fu-berlin.de/flickrwrappr/photos/Michael_I_Rangabe","Photos for DBpedia.org resource Michael_I_Rangabe",,,"2014-01-22T12:06:09-06:00"
"http://dbpedia.org/resource/Michael_V",,,"Michael V",,,"http://en.wikipedia.org/wiki/Michael_V","Michael V","http://finds.org.uk/byzantinecoins/rulers/ruler/id/2022","Profile for Emperor: Michael V","http://www4.wiwiss.fu-berlin.de/flickrwrappr/photos/Michael_V","Photos for DBpedia.org resource Michael_V",,,"2014-01-22T12:06:09-06:00"
"http://dbpedia.org/resource/Michael_VIII_Palaiologos",,,"Michael VIII",,,"http://en.wikipedia.org/wiki/Michael_VIII_Palaiologos","Michael VIII Palaiologos","http://www4.wiwiss.fu-berlin.de/flickrwrappr/photos/Michael_VIII_Palaiologos","Photos for DBpedia.org resource Michael_VIII_Palaiologos",,,,,"2014-01-22T12:06:09-06:00"
"http://dbpedia.org/resource/Michael_VII_Doukas",,,"Michael VII Doukas",,,"http://en.wikipedia.org/wiki/Michael_VII_Doukas","Michael VII Doukas","http://finds.org.uk/byzantinecoins/rulers/ruler/id/2032","Profile for Emperor: Michael VII Doukas","http://www4.wiwiss.fu-berlin.de/flickrwrappr/photos/Michael_VII_Doukas","Photos for DBpedia.org resource Michael_VII_Doukas",,,"2014-01-22T12:06:09-06:00"
"http://dbpedia.org/resource/Michael_VI_Stratiotikos",,,"Michael VI",,,"http://en.wikipedia.org/wiki/Michael_VI_Stratiotikos","Michael VI Stratiotikos","http://finds.org.uk/byzantinecoins/rulers/ruler/id/2026","Profile for Emperor: Michael VI","http://www4.wiwiss.fu-berlin.de/flickrwrappr/photos/Michael_VI_Stratiotikos","Photos for DBpedia.org resource Michael_VI_Stratiotikos",,,"2014-01-22T12:06:09-06:00"
"http://dbpedia.org/resource/Mussius_Aemilianus",,,"Mussius Aemilianus",,,"http://en.wikipedia.org/wiki/Mussius_Aemilianus","Mussius Aemilianus","http://www4.wiwiss.fu-berlin.de/flickrwrappr/photos/Mussius_Aemilianus","Photos for DBpedia.org resource Mussius_Aemilianus",,,,,"2014-01-22T12:06:09-06:00"
"http://dbpedia.org/resource/Nepotianus",,,"Nepotianus",,,"http://en.wikipedia.org/wiki/Nepotianus","Nepotianus","http://finds.org.uk/romancoins/emperors/emperor/id/131","Profile for Emperor: Nepotianus","http://www4.wiwiss.fu-berlin.de/flickrwrappr/photos/Nepotianus","Photos for DBpedia.org resource Nepotianus",,,"2014-01-22T12:06:09-06:00"
"http://dbpedia.org/resource/Nero","http://nomisma.org/id/nero","http://viaf.org/viaf/84036175","Nero",,,"http://en.wikipedia.org/wiki/Nero","Nero","http://finds.org.uk/romancoins/emperors/emperor/id/12","Profile for Emperor: Nero","http://www.roman-emperors.org/nero.htm","Nero","http://www4.wiwiss.fu-berlin.de/flickrwrappr/photos/Nero","Photos for DBpedia.org resource Nero","2014-01-22T12:06:09-06:00"
"http://dbpedia.org/resource/Nerva","http://nomisma.org/id/nerva","http://viaf.org/viaf/69725573","Nerva",,,"http://en.wikipedia.org/wiki/Nerva","Nerva","http://finds.org.uk/romancoins/emperors/emperor/id/11","Profile for Emperor: Nerva","http://www.roman-emperors.org/nerva.htm","Nerva","http://www4.wiwiss.fu-berlin.de/flickrwrappr/photos/Nerva","Photos for DBpedia.org resource Nerva","2014-01-22T12:06:09-06:00"
"http://dbpedia.org/resource/Nikephoros_I",,,"Nikephoros I",,,"http://en.wikipedia.org/wiki/Nikephoros_I","Nikephoros I","http://finds.org.uk/byzantinecoins/rulers/ruler/id/2004","Profile for Emperor: Nikephoros I","http://www4.wiwiss.fu-berlin.de/flickrwrappr/photos/Nikephoros_I","Photos for DBpedia.org resource Nikephoros_I",,,"2014-01-22T12:06:09-06:00"
"http://dbpedia.org/resource/Nikephoros_III_Botaneiates",,,"Nikephoros III (Botaneiates)",,,"http://en.wikipedia.org/wiki/Nikephoros_III_Botaneiates","Nikephoros III Botaneiates","http://finds.org.uk/byzantinecoins/rulers/ruler/id/2033","Profile for Emperor: Nikephoros III (Botaneiates)","http://www4.wiwiss.fu-berlin.de/flickrwrappr/photos/Nikephoros_III_Botaneiates","Photos for DBpedia.org resource Nikephoros_III_Botaneiates",,,"2014-01-22T12:06:09-06:00"
"http://dbpedia.org/resource/Nikephoros_II_Phokas",,,"Nikephoros II",,,"http://en.wikipedia.org/wiki/Nikephoros_II_Phokas","Nikephoros II Phokas","http://finds.org.uk/byzantinecoins/rulers/ruler/id/2015","Profile for Emperor: Nikephoros II","http://www4.wiwiss.fu-berlin.de/flickrwrappr/photos/Nikephoros_II_Phokas","Photos for DBpedia.org resource Nikephoros_II_Phokas",,,"2014-01-22T12:06:09-06:00"
"http://dbpedia.org/resource/Numerian","http://viaf.org/viaf/809970",,"Numerian","Numerianus",,"http://en.wikipedia.org/wiki/Numerian","Numerian","http://finds.org.uk/romancoins/emperors/emperor/id/57","Profile for Emperor: Numerian","http://www.roman-emperors.org/numerian.htm","Numerianus","http://www4.wiwiss.fu-berlin.de/flickrwrappr/photos/Numerian","Photos for DBpedia.org resource Numerian","2014-01-22T12:06:09-06:00"
"http://dbpedia.org/resource/Olybrius",,,"Ancius Olybrius","Olybrius",,"http://en.wikipedia.org/wiki/Olybrius","Olybrius","http://finds.org.uk/byzantinecoins/rulers/ruler/id/2178","Profile for Emperor: Olybrius","http://www.roman-emperors.org/olybrius.htm","Ancius Olybrius","http://www4.wiwiss.fu-berlin.de/flickrwrappr/photos/Olybrius","Photos for DBpedia.org resource Olybrius","2014-01-22T12:06:09-06:00"
"http://dbpedia.org/resource/Olympius_(exarch)",,,"Olympius",,,"http://en.wikipedia.org/wiki/Olympius_(exarch)","Olympius (exarch)","http://www4.wiwiss.fu-berlin.de/flickrwrappr/photos/Olympius_(exarch)","Photos for DBpedia.org resource Olympius_(exarch)",,,,,"2014-01-22T12:06:09-06:00"
"http://dbpedia.org/resource/Otho","http://nomisma.org/id/otho","http://viaf.org/viaf/84036319","Otho",,,"http://en.wikipedia.org/wiki/Otho","Otho","http://finds.org.uk/romancoins/emperors/emperor/id/13","Profile for Emperor: Otho","http://www.roman-emperors.org/otho.htm","Otho","http://www4.wiwiss.fu-berlin.de/flickrwrappr/photos/Otho","Photos for DBpedia.org resource Otho","2014-01-22T12:06:09-06:00"
"http://dbpedia.org/resource/Pacatianus",,,"Pacatianus",,,"http://en.wikipedia.org/wiki/Pacatianus","Pacatianus","http://finds.org.uk/romancoins/emperors/emperor/id/58","Profile for Emperor: Pacatianus","http://www4.wiwiss.fu-berlin.de/flickrwrappr/photos/Pacatianus","Photos for DBpedia.org resource Pacatianus",,,"2014-01-22T12:06:09-06:00"
"http://dbpedia.org/resource/Pertinax","http://nomisma.org/id/pertinax","http://viaf.org/viaf/74649434","Pertinax","Publius Helvius Pertinax",,"http://en.wikipedia.org/wiki/Pertinax","Pertinax","http://finds.org.uk/romancoins/emperors/emperor/id/24","Profile for Emperor: Pertinax","http://www.roman-emperors.org/pertinax.htm","Publius Helvius Pertinax","http://www4.wiwiss.fu-berlin.de/flickrwrappr/photos/Pertinax","Photos for DBpedia.org resource Pertinax","2014-01-22T12:06:09-06:00"
"http://dbpedia.org/resource/Pescennius_Niger","http://nomisma.org/id/pescennius_niger","http://viaf.org/viaf/40174483","Pescennius Niger",,,"http://en.wikipedia.org/wiki/Pescennius_Niger","Pescennius Niger","http://finds.org.uk/romancoins/emperors/emperor/id/135","Profile for Emperor: Pescennius Niger","http://www4.wiwiss.fu-berlin.de/flickrwrappr/photos/Pescennius_Niger","Photos for DBpedia.org resource Pescennius_Niger",,,"2014-01-22T12:06:09-06:00"
"http://dbpedia.org/resource/Petronius_Maximus","http://viaf.org/viaf/122232697",,"Petronius Maximus",,,"http://en.wikipedia.org/wiki/Petronius_Maximus","Petronius Maximus","http://finds.org.uk/byzantinecoins/rulers/ruler/id/2169","Profile for Emperor: Petronius Maximus","http://www.roman-emperors.org/petmax.htm","Petronius Maximus","http://www4.wiwiss.fu-berlin.de/flickrwrappr/photos/Petronius_Maximus","Photos for DBpedia.org resource Petronius_Maximus","2014-01-22T12:06:09-06:00"
"http://dbpedia.org/resource/Philip_the_Arab","http://viaf.org/viaf/67260910",,"Marcus Julius Philippus","Philip the Arab",,"http://en.wikipedia.org/wiki/Philip_the_Arab","Philip the Arab","http://finds.org.uk/romancoins/emperors/emperor/id/80","Profile for Emperor: Philip the Arab","http://www.roman-emperors.org/philarab.htm","Marcus Julius Philippus","http://www4.wiwiss.fu-berlin.de/flickrwrappr/photos/Philip_the_Arab","Photos for DBpedia.org resource Philip_the_Arab","2014-01-22T12:06:09-06:00"
"http://dbpedia.org/resource/Philippikos_Bardanes",,,"Philippikos Bardanes",,,"http://en.wikipedia.org/wiki/Philippikos_Bardanes","Philippikos Bardanes","http://www4.wiwiss.fu-berlin.de/flickrwrappr/photos/Philippikos_Bardanes","Photos for DBpedia.org resource Philippikos_Bardanes",,,,,"2014-01-22T12:06:09-06:00"
"http://dbpedia.org/resource/Phocas",,,"Phocas",,,"http://en.wikipedia.org/wiki/Phocas","Phocas","http://finds.org.uk/byzantinecoins/rulers/ruler/id/1983","Profile for Emperor: Phocas","http://www.roman-emperors.org/phocas.htm","Phocas","http://www4.wiwiss.fu-berlin.de/flickrwrappr/photos/Phocas","Photos for DBpedia.org resource Phocas","2014-01-22T12:06:09-06:00"
"http://dbpedia.org/resource/Postumus","http://viaf.org/viaf/243990358",,"Postumus",,,"http://en.wikipedia.org/wiki/Postumus","Postumus","http://finds.org.uk/romancoins/emperors/emperor/id/59","Profile for Emperor: Postumus","http://www4.wiwiss.fu-berlin.de/flickrwrappr/photos/Postumus","Photos for DBpedia.org resource Postumus",,,"2014-01-22T12:06:09-06:00"
"http://dbpedia.org/resource/Priscus_Attalus",,,"Priscus Attalus",,,"http://en.wikipedia.org/wiki/Priscus_Attalus","Priscus Attalus","http://finds.org.uk/romancoins/emperors/emperor/id/138","Profile for Emperor: Priscus Attalus","http://www4.wiwiss.fu-berlin.de/flickrwrappr/photos/Priscus_Attalus","Photos for DBpedia.org resource Priscus_Attalus",,,"2014-01-22T12:06:09-06:00"
"http://dbpedia.org/resource/Procopius_(usurper)",,,"Procopius",,,"http://en.wikipedia.org/wiki/Procopius_(usurper)","Procopius (usurper)","http://finds.org.uk/romancoins/emperors/emperor/id/139","Profile for Emperor: Procopius","http://www4.wiwiss.fu-berlin.de/flickrwrappr/photos/Procopius_(usurper)","Photos for DBpedia.org resource Procopius_(usurper)",,,"2014-01-22T12:06:09-06:00"
"http://dbpedia.org/resource/Proculus",,,"Proculus",,,"http://en.wikipedia.org/wiki/Proculus","Proculus","http://www4.wiwiss.fu-berlin.de/flickrwrappr/photos/Proculus","Photos for DBpedia.org resource Proculus",,,,,"2014-01-22T12:06:09-06:00"
"http://dbpedia.org/resource/Publius_Septimius_Geta","http://viaf.org/viaf/77699459",,"Geta","Publius Septimius Geta",,"http://en.wikipedia.org/wiki/Publius_Septimius_Geta","Publius Septimius Geta","http://finds.org.uk/romancoins/emperors/emperor/id/31","Profile for Emperor: Geta","http://www.roman-emperors.org/geta.htm","Publius Septimius Geta","http://www4.wiwiss.fu-berlin.de/flickrwrappr/photos/Publius_Septimius_Geta","Photos for DBpedia.org resource Publius_Septimius_Geta","2014-01-22T12:06:09-06:00"
"http://dbpedia.org/resource/Pupienus_and_Balbinus","http://viaf.org/viaf/89202531",,"Pupienus",,,"http://en.wikipedia.org/wiki/Pupienus_and_Balbinus","Pupienus and Balbinus","http://www4.wiwiss.fu-berlin.de/flickrwrappr/photos/Pupienus_and_Balbinus","Photos for DBpedia.org resource Pupienus_and_Balbinus",,,,,"2014-01-22T12:06:09-06:00"
"http://dbpedia.org/resource/Quietus","http://viaf.org/viaf/25505871",,"Quietus",,,"http://en.wikipedia.org/wiki/Quietus","Quietus","http://finds.org.uk/romancoins/emperors/emperor/id/62","Profile for Emperor: Quietus","http://www4.wiwiss.fu-berlin.de/flickrwrappr/photos/Quietus","Photos for DBpedia.org resource Quietus",,,"2014-01-22T12:06:09-06:00"
"http://dbpedia.org/resource/Quintillus","http://viaf.org/viaf/232346397",,"Quintillus",,,"http://en.wikipedia.org/wiki/Quintillus","Quintillus","http://finds.org.uk/romancoins/emperors/emperor/id/63","Profile for Emperor: Quintillus","http://www4.wiwiss.fu-berlin.de/flickrwrappr/photos/Quintillus","Photos for DBpedia.org resource Quintillus",,,"2014-01-22T12:06:09-06:00"
"http://dbpedia.org/resource/Regalianus",,,"Regalianus",,,"http://en.wikipedia.org/wiki/Regalianus","Regalianus","http://finds.org.uk/romancoins/emperors/emperor/id/64","Profile for Emperor: Regalianus","http://www4.wiwiss.fu-berlin.de/flickrwrappr/photos/Regalianus","Photos for DBpedia.org resource Regalianus",,,"2014-01-22T12:06:09-06:00"
"http://dbpedia.org/resource/Romanos_II",,,"Romanos II",,,"http://en.wikipedia.org/wiki/Romanos_II","Romanos II","http://finds.org.uk/byzantinecoins/rulers/ruler/id/2014","Profile for Emperor: Romanos II","http://www4.wiwiss.fu-berlin.de/flickrwrappr/photos/Romanos_II","Photos for DBpedia.org resource Romanos_II",,,"2014-01-22T12:06:09-06:00"
"http://dbpedia.org/resource/Romanos_III_Argyros",,,"Romanos III",,,"http://en.wikipedia.org/wiki/Romanos_III_Argyros","Romanos III Argyros","http://finds.org.uk/byzantinecoins/rulers/ruler/id/2019","Profile for Emperor: Romanos III","http://www4.wiwiss.fu-berlin.de/flickrwrappr/photos/Romanos_III_Argyros","Photos for DBpedia.org resource Romanos_III_Argyros",,,"2014-01-22T12:06:09-06:00"
"http://dbpedia.org/resource/Romanos_IV_Diogenes",,,"Romanos IV (Doukas)",,,"http://en.wikipedia.org/wiki/Romanos_IV_Diogenes","Romanos IV Diogenes","http://finds.org.uk/byzantinecoins/rulers/ruler/id/2030","Profile for Emperor: Romanos IV (Doukas)","http://www4.wiwiss.fu-berlin.de/flickrwrappr/photos/Romanos_IV_Diogenes","Photos for DBpedia.org resource Romanos_IV_Diogenes",,,"2014-01-22T12:06:09-06:00"
"http://dbpedia.org/resource/Romanos_I_Lekapenos",,,"Romanos I",,,"http://en.wikipedia.org/wiki/Romanos_I_Lekapenos","Romanos I Lekapenos","http://www4.wiwiss.fu-berlin.de/flickrwrappr/photos/Romanos_I_Lekapenos","Photos for DBpedia.org resource Romanos_I_Lekapenos",,,,,"2014-01-22T12:06:09-06:00"
"http://dbpedia.org/resource/Romulus_Augustus",,,"Romulus Augustulus","Romulus Augustus",,"http://en.wikipedia.org/wiki/Romulus_Augustus","Romulus Augustus","http://finds.org.uk/byzantinecoins/rulers/ruler/id/2181","Profile for Emperor: Romulus Augustus","http://www.roman-emperors.org/auggiero.htm","Romulus Augustulus","http://www4.wiwiss.fu-berlin.de/flickrwrappr/photos/Romulus_Augustus","Photos for DBpedia.org resource Romulus_Augustus","2014-01-22T12:06:09-06:00"
"http://dbpedia.org/resource/Sabinianus",,,"Sabinianus",,,"http://en.wikipedia.org/wiki/Sabinianus","Sabinianus","http://www4.wiwiss.fu-berlin.de/flickrwrappr/photos/Sabinianus","Photos for DBpedia.org resource Sabinianus",,,,,"2014-01-22T12:06:09-06:00"
"http://dbpedia.org/resource/Saborios",,,"Saborios",,,"http://en.wikipedia.org/wiki/Saborios","Saborios","http://www4.wiwiss.fu-berlin.de/flickrwrappr/photos/Saborios","Photos for DBpedia.org resource Saborios",,,,,"2014-01-22T12:06:09-06:00"
"http://dbpedia.org/resource/Saloninus",,,"Saloninus",,,"http://en.wikipedia.org/wiki/Saloninus","Saloninus","http://finds.org.uk/romancoins/emperors/emperor/id/142","Profile for Emperor: Saloninus","http://www4.wiwiss.fu-berlin.de/flickrwrappr/photos/Saloninus","Photos for DBpedia.org resource Saloninus",,,"2014-01-22T12:06:09-06:00"
"http://dbpedia.org/resource/Sebastianus",,,"Sebastianus",,,"http://en.wikipedia.org/wiki/Sebastianus","Sebastianus","http://finds.org.uk/byzantinecoins/rulers/ruler/id/2162","Profile for Emperor: Sebastianus","http://www4.wiwiss.fu-berlin.de/flickrwrappr/photos/Sebastianus","Photos for DBpedia.org resource Sebastianus",,,"2014-01-22T12:06:09-06:00"
"http://dbpedia.org/resource/Septimius_(Roman_emperor_usurper)",,,"Septimius",,,"http://en.wikipedia.org/wiki/Septimius_(Roman_emperor_usurper)","Septimius (Roman emperor usurper)","http://www4.wiwiss.fu-berlin.de/flickrwrappr/photos/Septimius_(Roman_emperor_usurper)","Photos for DBpedia.org resource Septimius_(Roman_emperor_usurper)",,,,,"2014-01-22T12:06:09-06:00"
"http://dbpedia.org/resource/Septimius_Severus","http://viaf.org/viaf/36952961",,"Lucius Septimius Severus","Septimius Severus",,"http://en.wikipedia.org/wiki/Septimius_Severus","Septimius Severus","http://finds.org.uk/romancoins/emperors/emperor/id/27","Profile for Emperor: Septimius Severus","http://www.roman-emperors.org/sepsev.htm","Lucius Septimius Severus","http://www4.wiwiss.fu-berlin.de/flickrwrappr/photos/Septimius_Severus","Photos for DBpedia.org resource Septimius_Severus","2014-01-22T12:06:09-06:00"
"http://dbpedia.org/resource/Sextus_Martinianus",,,"Sextus Martinianus",,,"http://en.wikipedia.org/wiki/Sextus_Martinianus","Sextus Martinianus","http://www4.wiwiss.fu-berlin.de/flickrwrappr/photos/Sextus_Martinianus","Photos for DBpedia.org resource Sextus_Martinianus",,,,,"2014-01-22T12:06:09-06:00"
"http://dbpedia.org/resource/Silbannacus",,,"Silbannacus",,,"http://en.wikipedia.org/wiki/Silbannacus","Silbannacus","http://finds.org.uk/romancoins/emperors/emperor/id/145","Profile for Emperor: Silbannacus","http://www4.wiwiss.fu-berlin.de/flickrwrappr/photos/Silbannacus","Photos for DBpedia.org resource Silbannacus",,,"2014-01-22T12:06:09-06:00"
"http://dbpedia.org/resource/Staurakios",,,"Staurakios",,,"http://en.wikipedia.org/wiki/Staurakios","Staurakios","http://www4.wiwiss.fu-berlin.de/flickrwrappr/photos/Staurakios","Photos for DBpedia.org resource Staurakios",,,,,"2014-01-22T12:06:09-06:00"
"http://dbpedia.org/resource/Stotzas",,,"Stotzas",,,"http://en.wikipedia.org/wiki/Stotzas","Stotzas","http://www4.wiwiss.fu-berlin.de/flickrwrappr/photos/Stotzas","Photos for DBpedia.org resource Stotzas",,,,,"2014-01-22T12:06:09-06:00"
"http://dbpedia.org/resource/Tetricus_I","http://viaf.org/viaf/11425945",,"Tetricus I",,,"http://en.wikipedia.org/wiki/Tetricus_I","Tetricus I","http://finds.org.uk/romancoins/emperors/emperor/id/66","Profile for Emperor: Tetricus I","http://www4.wiwiss.fu-berlin.de/flickrwrappr/photos/Tetricus_I","Photos for DBpedia.org resource Tetricus_I",,,"2014-01-22T12:06:09-06:00"
"http://dbpedia.org/resource/Theocritus_(comes_domesticorum)",,,"Theocritus",,,"http://en.wikipedia.org/wiki/Theocritus_(comes_domesticorum)","Theocritus (comes domesticorum)","http://www4.wiwiss.fu-berlin.de/flickrwrappr/photos/Theocritus_(comes_domesticorum)","Photos for DBpedia.org resource Theocritus_(comes_domesticorum)",,,,,"2014-01-22T12:06:09-06:00"
"http://dbpedia.org/resource/Theodora_(11th_century)",,,"Theodora",,,"http://en.wikipedia.org/wiki/Theodora_(11th_century)","Theodora (11th century)","http://finds.org.uk/byzantinecoins/rulers/ruler/id/2025","Profile for Emperor: Theodora","http://www4.wiwiss.fu-berlin.de/flickrwrappr/photos/Theodora_(11th_century)","Photos for DBpedia.org resource Theodora_(11th_century)",,,"2014-01-22T12:06:09-06:00"
"http://dbpedia.org/resource/Theodore_II_Laskaris",,,"Theodore II",,,"http://en.wikipedia.org/wiki/Theodore_II_Laskaris","Theodore II Laskaris","http://www4.wiwiss.fu-berlin.de/flickrwrappr/photos/Theodore_II_Laskaris","Photos for DBpedia.org resource Theodore_II_Laskaris",,,,,"2014-01-22T12:06:09-06:00"
"http://dbpedia.org/resource/Theodore_I_Laskaris",,,"Theodore I",,,"http://en.wikipedia.org/wiki/Theodore_I_Laskaris","Theodore I Laskaris","http://www4.wiwiss.fu-berlin.de/flickrwrappr/photos/Theodore_I_Laskaris","Photos for DBpedia.org resource Theodore_I_Laskaris",,,,,"2014-01-22T12:06:09-06:00"
"http://dbpedia.org/resource/Theodoros_Pasagnathes",,,"Theodoros Pasagnathes",,,"http://en.wikipedia.org/wiki/Theodoros_Pasagnathes","Theodoros Pasagnathes","http://www4.wiwiss.fu-berlin.de/flickrwrappr/photos/Theodoros_Pasagnathes","Photos for DBpedia.org resource Theodoros_Pasagnathes",,,,,"2014-01-22T12:06:09-06:00"
"http://dbpedia.org/resource/Theodosios_III",,,"Theodosios III","Theodosius III",,"http://en.wikipedia.org/wiki/Theodosios_III","Theodosios III","http://finds.org.uk/byzantinecoins/rulers/ruler/id/1997","Profile for Emperor: Theodosios III","http://www.roman-emperors.org/theodiii.htm","Theodosius III","http://www4.wiwiss.fu-berlin.de/flickrwrappr/photos/Theodosios_III","Photos for DBpedia.org resource Theodosios_III","2014-01-22T12:06:09-06:00"
"http://dbpedia.org/resource/Theodosius_I","http://viaf.org/viaf/31978444",,"Flavius Theodosius","Theodosius I",,"http://en.wikipedia.org/wiki/Theodosius_I","Theodosius I","http://finds.org.uk/romancoins/emperors/emperor/id/147","Profile for Emperor: Theodosius I","http://www.roman-emperors.org/theo1.htm","Flavius Theodosius","http://www4.wiwiss.fu-berlin.de/flickrwrappr/photos/Theodosius_I","Photos for DBpedia.org resource Theodosius_I","2014-01-22T12:06:09-06:00"
"http://dbpedia.org/resource/Theodosius_II","http://viaf.org/viaf/46929243",,"Theodosius II",,,"http://en.wikipedia.org/wiki/Theodosius_II","Theodosius II","http://finds.org.uk/romancoins/emperors/emperor/id/148","Profile for Emperor: Theodosius II","http://www.roman-emperors.org/theo2.htm","Theodosius II","http://www4.wiwiss.fu-berlin.de/flickrwrappr/photos/Theodosius_II","Photos for DBpedia.org resource Theodosius_II","2014-01-22T12:06:09-06:00"
"http://dbpedia.org/resource/Theophilos_(emperor)",,,"Theophilos",,,"http://en.wikipedia.org/wiki/Theophilos_(emperor)","Theophilos (emperor)","http://finds.org.uk/byzantinecoins/rulers/ruler/id/2008","Profile for Emperor: Theophilos","http://www4.wiwiss.fu-berlin.de/flickrwrappr/photos/Theophilos_(emperor)","Photos for DBpedia.org resource Theophilos_(emperor)",,,"2014-01-22T12:06:09-06:00"
"http://dbpedia.org/resource/Tiberius","http://nomisma.org/id/tiberius","http://viaf.org/viaf/89600176","Tiberius","Tiberius Claudius Nero",,"http://en.wikipedia.org/wiki/Tiberius","Tiberius","http://finds.org.uk/romancoins/emperors/emperor/id/7","Profile for Emperor: Tiberius","http://www.roman-emperors.org/tiberius.htm","Tiberius Claudius Nero","http://www4.wiwiss.fu-berlin.de/flickrwrappr/photos/Tiberius","Photos for DBpedia.org resource Tiberius","2014-01-22T12:06:09-06:00"
"http://dbpedia.org/resource/Tiberius_II_Constantine",,,"Tiberius II Constantine",,,"http://en.wikipedia.org/wiki/Tiberius_II_Constantine","Tiberius II Constantine","http://finds.org.uk/byzantinecoins/rulers/ruler/id/1980","Profile for Emperor: Tiberius II Constantine","http://www.roman-emperors.org/ticonii.htm","Tiberius II (I) Constantine","http://www4.wiwiss.fu-berlin.de/flickrwrappr/photos/Tiberius_II_Constantine","Photos for DBpedia.org resource Tiberius_II_Constantine","2014-01-22T12:06:09-06:00"
"http://dbpedia.org/resource/Titus","http://nomisma.org/id/titus","http://viaf.org/viaf/83217593","Titus","Titus Flavius Vespasianus",,"http://en.wikipedia.org/wiki/Titus","Titus","http://finds.org.uk/romancoins/emperors/emperor/id/8","Profile for Emperor: Titus","http://www.roman-emperors.org/titus.htm","Titus Flavius Vespasianus","http://www4.wiwiss.fu-berlin.de/flickrwrappr/photos/Titus","Photos for DBpedia.org resource Titus","2014-01-22T12:06:09-06:00"
"http://dbpedia.org/resource/Trajan","http://nomisma.org/id/trajan","http://viaf.org/viaf/88067472","Trajan",,,"http://en.wikipedia.org/wiki/Trajan","Trajan","http://finds.org.uk/romancoins/emperors/emperor/id/16","Profile for Emperor: Trajan","http://www.roman-emperors.org/trajan.htm","Trajan","http://www4.wiwiss.fu-berlin.de/flickrwrappr/photos/Trajan","Photos for DBpedia.org resource Trajan","2014-01-22T12:06:09-06:00"
"http://dbpedia.org/resource/Trebonianus_Gallus",,,"Gallus",,,"http://en.wikipedia.org/wiki/Trebonianus_Gallus","Trebonianus Gallus","http://finds.org.uk/romancoins/emperors/emperor/id/69","Profile for Emperor: Gallus","http://www4.wiwiss.fu-berlin.de/flickrwrappr/photos/Trebonianus_Gallus","Photos for DBpedia.org resource Trebonianus_Gallus",,,"2014-01-22T12:06:09-06:00"
"http://dbpedia.org/resource/Valens","http://viaf.org/viaf/64806218",,"Flavius Valens","Valens",,"http://en.wikipedia.org/wiki/Valens","Valens","http://finds.org.uk/romancoins/emperors/emperor/id/150","Profile for Emperor: Valens","http://www.roman-emperors.org/valens.htm","Flavius Valens","http://www4.wiwiss.fu-berlin.de/flickrwrappr/photos/Valens","Photos for DBpedia.org resource Valens","2014-01-22T12:06:09-06:00"
"http://dbpedia.org/resource/Valentinian_I","http://viaf.org/viaf/76544789",,"Flavius Valentinianus","Valentinian I",,"http://en.wikipedia.org/wiki/Valentinian_I","Valentinian I","http://finds.org.uk/romancoins/emperors/emperor/id/151","Profile for Emperor: Valentinian I","http://www.roman-emperors.org/vali.htm","Flavius Valentinianus","http://www4.wiwiss.fu-berlin.de/flickrwrappr/photos/Valentinian_I","Photos for DBpedia.org resource Valentinian_I","2014-01-22T12:06:09-06:00"
"http://dbpedia.org/resource/Valentinian_II","http://viaf.org/viaf/32800218",,"Valentinian II",,,"http://en.wikipedia.org/wiki/Valentinian_II","Valentinian II","http://finds.org.uk/romancoins/emperors/emperor/id/152","Profile for Emperor: Valentinian II","http://www.roman-emperors.org/valenii.htm","Valentinian II","http://www4.wiwiss.fu-berlin.de/flickrwrappr/photos/Valentinian_II","Photos for DBpedia.org resource Valentinian_II","2014-01-22T12:06:09-06:00"
"http://dbpedia.org/resource/Valentinian_III","http://viaf.org/viaf/56825259",,"Valentinian III",,,"http://en.wikipedia.org/wiki/Valentinian_III","Valentinian III","http://finds.org.uk/romancoins/emperors/emperor/id/156","Profile for Emperor: Valentinian III","http://www.roman-emperors.org/valenIII.htm","Valentinian III","http://www4.wiwiss.fu-berlin.de/flickrwrappr/photos/Valentinian_III","Photos for DBpedia.org resource Valentinian_III","2014-01-22T12:06:09-06:00"
"http://dbpedia.org/resource/Valentinus_(usurper)",,,"Valentinus",,,"http://en.wikipedia.org/wiki/Valentinus_(usurper)","Valentinus (usurper)","http://www4.wiwiss.fu-berlin.de/flickrwrappr/photos/Valentinus_(usurper)","Photos for DBpedia.org resource Valentinus_(usurper)",,,,,"2014-01-22T12:06:09-06:00"
"http://dbpedia.org/resource/Valerian_(emperor)","http://viaf.org/viaf/89202605",,"P. Licinius Valerianus","Valerian",,"http://en.wikipedia.org/wiki/Valerian_(emperor)","Valerian (emperor)","http://finds.org.uk/romancoins/emperors/emperor/id/71","Profile for Emperor: Valerian","http://www.roman-emperors.org/gallval.htm","P. Licinius Egnatius Gallienus","http://www4.wiwiss.fu-berlin.de/flickrwrappr/photos/Valerian_(emperor)","Photos for DBpedia.org resource Valerian_(emperor)","2014-01-22T12:06:09-06:00"
"http://dbpedia.org/resource/Valerius_Valens",,,"Valerius Valens",,,"http://en.wikipedia.org/wiki/Valerius_Valens","Valerius Valens","http://www4.wiwiss.fu-berlin.de/flickrwrappr/photos/Valerius_Valens","Photos for DBpedia.org resource Valerius_Valens",,,,,"2014-01-22T12:06:09-06:00"
"http://dbpedia.org/resource/Vespasian","http://nomisma.org/id/vespasian","http://viaf.org/viaf/96539514","Titus Flavius Vespasianus","Vespasian",,"http://en.wikipedia.org/wiki/Vespasian","Vespasian","http://finds.org.uk/romancoins/emperors/emperor/id/10","Profile for Emperor: Vespasian","http://www.roman-emperors.org/vespasia.htm","Titus Flavius Vespasianus","http://www4.wiwiss.fu-berlin.de/flickrwrappr/photos/Vespasian","Photos for DBpedia.org resource Vespasian","2014-01-22T12:06:09-06:00"
"http://dbpedia.org/resource/Vetranio",,,"Vetranio",,,"http://en.wikipedia.org/wiki/Vetranio","Vetranio","http://finds.org.uk/romancoins/emperors/emperor/id/154","Profile for Emperor: Vetranio","http://www4.wiwiss.fu-berlin.de/flickrwrappr/photos/Vetranio","Photos for DBpedia.org resource Vetranio",,,"2014-01-22T12:06:09-06:00"
"http://dbpedia.org/resource/Victorinus","http://viaf.org/viaf/39390108",,"Victorinus",,,"http://en.wikipedia.org/wiki/Victorinus","Victorinus","http://finds.org.uk/romancoins/emperors/emperor/id/72","Profile for Emperor: Victorinus","http://www4.wiwiss.fu-berlin.de/flickrwrappr/photos/Victorinus","Photos for DBpedia.org resource Victorinus",,,"2014-01-22T12:06:09-06:00"
"http://dbpedia.org/resource/Vitellius","http://nomisma.org/id/vitellius","http://viaf.org/viaf/16012563","Vitellius",,,"http://en.wikipedia.org/wiki/Vitellius","Vitellius","http://finds.org.uk/romancoins/emperors/emperor/id/14","Profile for Emperor: Vitellius","http://www.roman-emperors.org/vitell.htm","Vitellius","http://www4.wiwiss.fu-berlin.de/flickrwrappr/photos/Vitellius","Photos for DBpedia.org resource Vitellius","2014-01-22T12:06:09-06:00"
"http://dbpedia.org/resource/Volusianus",,,"Volusianus",,,"http://en.wikipedia.org/wiki/Volusianus","Volusianus","http://finds.org.uk/romancoins/emperors/emperor/id/73","Profile for Emperor: Volusianus","http://www4.wiwiss.fu-berlin.de/flickrwrappr/photos/Volusianus","Photos for DBpedia.org resource Volusianus",,,"2014-01-22T12:06:09-06:00"
"http://dbpedia.org/resource/Zeno_(emperor)",,,"Zeno",,,"http://en.wikipedia.org/wiki/Zeno_(emperor)","Zeno (emperor)","http://finds.org.uk/byzantinecoins/rulers/ruler/id/2182","Profile for Emperor: Zeno","http://www.roman-emperors.org/zeno.htm","Zeno","http://www4.wiwiss.fu-berlin.de/flickrwrappr/photos/Zeno_(emperor)","Photos for DBpedia.org resource Zeno_(emperor)","2014-01-22T12:06:09-06:00"
"http://dbpedia.org/resource/Zoe_(empress)",,,"Zoe","Zoe Porphyrogenita",,"http://en.wikipedia.org/wiki/Zoe_(empress)","Zoe (empress)","http://finds.org.uk/byzantinecoins/rulers/ruler/id/2021","Profile for Emperor: Zoe","http://www.roman-emperors.org/zoep.htm","Zoe Porphyrogenita","http://www4.wiwiss.fu-berlin.de/flickrwrappr/photos/Zoe_(empress)","Photos for DBpedia.org resource Zoe_(empress)","2014-01-22T12:06:09-06:00"
